datetime,open,high,low,close,volume,open_interest
2020-01-02,3066.336,3098.1,3066.336,3085.198,29247020800,0
2020-01-03,3089.022,3093.819,3074.518,3083.786,26149666700,0
2020-01-06,3070.909,3107.203,3065.309,3083.408,31257584200,0
2020-01-07,3085.488,3105.451,3084.329,3104.802,27658311100,0
2020-01-08,3094.239,3094.239,3059.131,3066.893,29787255300,0
2020-01-09,3082.64,3097.329,3080.131,3094.882,24343564900,0
2020-01-10,3102.294,3105.225,3081.396,3092.291,21044246200,0
2020-01-13,3091.493,3115.57,3075.384,3115.57,21062100400,0
2020-01-14,3120.667,3127.169,3105.605,3106.82,22997376900,0
2020-01-15,3103.175,3107.943,3082.043,3090.038,20231302300,0
2020-01-16,3095.734,3096.372,3070.884,3074.081,20337547500,0
2020-01-17,3081.464,3091.952,3067.253,3075.496,19030429900,0
2020-01-20,3082.113,3096.311,3070.48,3095.787,21049334100,0
2020-01-21,3085.79,3085.79,3051.23,3052.142,23483073900,0
2020-01-22,3038.487,3069.253,3006.268,3060.755,22385286500,0
2020-01-23,3037.952,3045.041,2955.346,2976.528,27276323400,0
2020-02-03,2716.698,2766.577,2716.698,2746.606,21591210300,0
2020-02-04,2685.269,2786.164,2685.269,2783.288,36404620000,0
2020-02-05,2792.371,2842.743,2778.864,2818.088,30976182300,0
2020-02-06,2826.885,2876.588,2807.609,2866.51,31639214200,0
2020-02-07,2858.932,2875.964,2838.77,2875.964,30947964200,0
2020-02-10,2860.499,2891.848,2851.05,2890.488,29492978400,0
2020-02-11,2894.541,2913.816,2882.243,2901.674,26916833500,0
2020-02-12,2895.556,2926.899,2892.424,2926.899,24873342900,0
2020-02-13,2927.144,2935.406,2901.243,2906.074,27480484400,0
2020-02-14,2899.866,2926.943,2899.574,2917.008,25065062700,0
2020-02-17,2924.991,2983.637,2924.991,2983.622,31319800700,0
2020-02-18,2981.41,2990.6,2960.775,2984.972,31166591300,0
2020-02-19,2979.522,2998.272,2971.822,2975.402,31514115100,0
2020-02-20,2981.88,3031.371,2968.445,3030.154,34573288100,0
2020-02-21,3022.246,3058.898,3020.141,3039.669,36455727600,0
2020-02-24,3027.893,3042.182,3007.356,3031.233,37043004400,0
2020-02-25,2982.07,3016.946,2943.717,3013.05,44162276200,0
2020-02-26,2978.42,3028.779,2974.942,2987.929,46904955200,0
2020-02-27,2992.492,3009.458,2980.477,2991.329,35052365800,0
2020-02-28,2924.641,2948.126,2878.544,2880.304,40121691400,0
2020-03-02,2899.31,2982.507,2899.31,2970.931,36733336900,0
2020-03-03,3006.889,3026.842,2976.623,2992.897,41010804700,0
2020-03-04,2981.806,3012.004,2974.358,3011.666,35333827800,0
2020-03-05,3036.155,3074.257,3022.926,3071.677,44542580600,0
2020-03-06,3039.94,3052.444,3029.463,3034.511,36206153300,0
2020-03-09,2987.181,2989.205,2940.714,2943.291,41456073600,0
2020-03-10,2918.935,3000.296,2904.799,2996.762,39329664800,0
2020-03-11,3001.762,3010.029,2968.517,2968.517,35247097000,0
2020-03-12,2936.016,2944.465,2906.284,2923.486,30777845700,0
2020-03-13,2804.232,2910.881,2799.984,2887.427,36645043600,0
2020-03-16,2897.301,2898.035,2784.662,2789.254,35187866500,0
2020-03-17,2796.284,2826.907,2715.221,2779.641,30614967700,0
2020-03-18,2792.322,2815.874,2728.756,2728.756,29115985200,0
2020-03-19,2719.406,2736.82,2646.805,2702.13,30230274700,0
2020-03-20,2727.019,2751.896,2702.493,2745.618,25201950700,0
2020-03-23,2677.591,2703.33,2656.501,2660.167,24982025000,0
2020-03-24,2703.019,2723.407,2667.133,2722.438,25702193000,0
2020-03-25,2775.303,2788.635,2757.802,2781.591,27314446600,0
2020-03-26,2761.896,2788.504,2753.428,2764.911,23408402200,0
2020-03-27,2792.984,2805.548,2771.756,2772.203,24076406600,0
2020-03-30,2739.719,2759.099,2723.054,2747.214,23970660400,0
2020-03-31,2767.307,2771.168,2743.115,2750.296,21859867400,0
2020-04-01,2743.541,2773.364,2731.079,2734.522,21725342700,0
2020-04-02,2720.228,2780.638,2719.904,2780.638,21786460000,0
2020-04-03,2773.576,2780.587,2754.073,2763.987,20083740400,0
2020-04-07,2806.968,2823.277,2801.839,2820.763,27019818600,0
2020-04-08,2805.917,2823.214,2800.296,2815.369,24351530500,0
2020-04-09,2825.839,2832.395,2820.433,2825.904,23818484300,0
2020-04-10,2827.187,2833.015,2789.976,2796.631,23345476800,0
2020-04-13,2784.598,2792.891,2774.081,2783.048,17712455400,0
2020-04-14,2794.801,2827.298,2789.428,2827.283,20269656900,0
2020-04-15,2826.662,2829.75,2808.704,2811.174,20562114600,0
2020-04-16,2798.43,2823.338,2796.839,2819.935,20300377300,0
2020-04-17,2835.558,2854.96,2830.022,2838.495,24573675000,0
2020-04-20,2840.409,2852.99,2833.262,2852.553,21184707800,0
2020-04-21,2842.237,2842.237,2808.021,2827.013,23323587000,0
2020-04-22,2814.066,2843.98,2808.482,2843.98,21732000000,0
2020-04-23,2850.51,2853.636,2835.896,2838.499,24877903700,0
2020-04-24,2834.939,2834.939,2802.499,2808.529,23518507600,0
2020-04-27,2812.242,2832.666,2802.958,2815.495,21013098100,0
2020-04-28,2819.991,2821.745,2758.246,2810.024,25387274500,0
2020-04-29,2801.383,2831.764,2800.738,2822.442,20206180700,0
2020-04-30,2832.384,2865.59,2832.384,2860.082,24245527800,0
2020-05-06,2831.633,2879.263,2830.654,2878.14,24982661600,0
2020-05-07,2876.473,2882.022,2864.581,2871.523,22673695700,0
2020-05-08,2882.708,2903.797,2879.203,2895.344,22682207500,0
2020-05-11,2901.574,2914.284,2884.381,2894.802,22512041000,0
2020-05-12,2894.617,2897.902,2871.23,2891.556,19708298500,0
2020-05-13,2882.955,2900.259,2875.535,2898.05,18506131000,0
2020-05-14,2887.058,2887.058,2869.183,2870.342,19777620200,0
2020-05-15,2880.707,2884.22,2863.37,2868.459,18898359200,0
2020-05-18,2872.524,2889.98,2862.271,2875.418,22602288200,0
2020-05-19,2897.687,2900.219,2887.577,2898.576,19722240500,0
2020-05-20,2896.466,2896.466,2876.177,2883.738,21051998500,0
2020-05-21,2890.721,2891.518,2864.207,2867.924,20353203800,0
2020-05-22,2863.046,2863.046,2808.018,2813.765,20906371200,0
2020-05-25,2816.241,2821.498,2802.465,2817.97,17288555700,0
2020-05-26,2827.897,2848.337,2825.901,2846.547,17456236900,0
2020-05-27,2847.32,2848.997,2831.928,2836.804,19814934300,0
2020-05-28,2838.207,2861.924,2820.146,2846.222,20754601900,0
2020-05-29,2835.584,2855.376,2829.627,2852.351,20679280400,0
2020-06-01,2871.964,2917.151,2871.964,2915.431,26019605000,0
2020-06-02,2916.317,2926.359,2909.128,2921.398,25610804900,0
2020-06-03,2930.391,2942.76,2922.661,2923.371,25566398000,0
2020-06-04,2931.838,2932.968,2910.752,2919.251,22660587300,0
2020-06-05,2923.189,2930.799,2909.118,2930.799,21736067300,0
2020-06-08,2941.982,2950.066,2934.21,2937.771,23112436000,0
2020-06-09,2939.535,2957.119,2932.939,2956.112,20904858500,0
2020-06-10,2951.278,2951.33,2934.843,2943.753,20792596900,0
2020-06-11,2939.791,2952.651,2912.193,2920.897,23372294700,0
2020-06-12,2876.803,2930.255,2872.617,2919.741,23600864200,0
2020-06-15,2908.277,2922.536,2890.031,2890.031,24320504600,0
2020-06-16,2912.825,2931.779,2909.134,2931.749,22331306500,0
2020-06-17,2932.671,2936.616,2919.035,2935.873,23465439100,0
2020-06-18,2929.88,2942.898,2920.105,2939.315,25869137700,0
2020-06-19,2938.789,2973.316,2935.824,2967.634,26431396100,0
2020-06-22,2966.901,2983.438,2959.035,2965.272,26788383400,0
2020-06-23,2960.888,2972.403,2949.847,2970.62,22521220800,0
2020-06-24,2972.983,2982.943,2971.224,2979.551,21320073200,0
2020-06-29,2973.076,2977.912,2951.77,2961.516,22062272900,0
2020-06-30,2965.105,2990.825,2965.105,2984.674,21495721400,0
2020-07-01,2991.181,3026.186,2984.984,3025.981,27331314000,0
2020-07-02,3023.719,3092.443,3021.674,3090.569,39112799600,0
2020-07-03,3103.995,3152.813,3103.995,3152.813,45879385100,0
2020-07-06,3187.839,3337.272,3187.839,3332.881,64387890600,0
2020-07-07,3380.954,3407.081,3336.242,3345.337,65784015900,0
2020-07-08,3337.552,3421.531,3327.706,3403.44,58708168500,0
2020-07-09,3403.483,3456.972,3393.638,3450.594,62000182300,0
2020-07-10,3418.935,3433.109,3372.507,3383.322,55612001100,0
2020-07-13,3379.387,3458.791,3369.038,3443.286,55800687500,0
2020-07-14,3435.024,3451.222,3366.083,3414.619,54321149200,0
2020-07-15,3422.078,3432.451,3345.749,3361.304,49203054200,0
2020-07-16,3356.359,3373.532,3209.727,3210.099,49061312300,0
2020-07-17,3214.402,3252.779,3181.275,3214.129,35965241300,0
2020-07-20,3243.911,3314.149,3220.684,3314.149,41855530600,0
2020-07-21,3330.547,3336.679,3300.572,3320.895,35925202900,0
2020-07-22,3315.182,3381.976,3311.786,3333.164,39333533500,0
2020-07-23,3306.149,3336.3,3257.827,3325.11,40704249900,0
2020-07-24,3310.645,3319.127,3184.965,3196.768,42705402600,0
2020-07-27,3210.386,3221.985,3174.658,3205.227,29931902100,0
2020-07-28,3226.133,3245.297,3208.494,3227.96,28937786100,0
2020-07-29,3221.988,3294.552,3209.99,3294.552,32492406200,0
2020-07-30,3299.572,3312.451,3282.162,3286.822,34070412100,0
2020-07-31,3280.796,3333.786,3261.614,3310.007,35375897900,0
2020-08-03,3332.183,3368.103,3327.677,3367.966,40746086700,0
2020-08-04,3376.44,3391.074,3352.502,3371.688,44232855100,0
2020-08-05,3363.332,3383.637,3333.877,3377.565,38582302700,0
2020-08-06,3380.762,3392.705,3334.334,3386.463,41530251000,0
2020-08-07,3370.588,3374.133,3307.713,3354.035,40392963300,0
2020-08-10,3341.528,3399.932,3335.043,3379.252,38137963000,0
2020-08-11,3379.487,3409.059,3336.095,3340.29,40045270600,0
2020-08-12,3327.493,3335.729,3263.265,3319.266,37832895900,0
2020-08-13,3328.175,3338.152,3309.463,3320.726,32429127800,0
2020-08-14,3315.669,3362.027,3302.736,3360.099,30599837600,0
2020-08-17,3373.902,3450.899,3369.374,3438.801,43459826000,0
2020-08-18,3441.934,3456.721,3432.64,3451.089,38072927500,0
2020-08-19,3444.565,3454.461,3406.164,3408.129,40572221400,0
2020-08-20,3385.965,3394.557,3352.777,3363.899,33560098200,0
2020-08-21,3380.227,3393.918,3358.001,3380.683,28748834000,0
2020-08-24,3391.113,3396.566,3368.026,3385.638,26622784100,0
2020-08-25,3392.88,3408.87,3364.16,3373.578,27711342100,0
2020-08-26,3371.808,3382.603,3320.136,3329.739,29445103600,0
2020-08-27,3333.491,3351.832,3312.986,3350.113,23709935300,0
2020-08-28,3346.289,3405.877,3339.649,3403.807,27132554900,0
2020-08-31,3416.55,3442.736,3395.468,3395.678,32347389000,0
2020-09-01,3389.742,3410.607,3381.711,3410.607,24699924900,0
2020-09-02,3420.469,3421.396,3377.211,3404.802,26154631900,0
2020-09-03,3404.032,3425.629,3374.263,3384.981,25534627900,0
2020-09-04,3336.408,3360.106,3328.552,3355.367,22163655000,0
2020-09-07,3349.918,3368.245,3285.633,3292.591,26061656700,0
2020-09-08,3301.217,3324.393,3276.443,3316.417,27106627800,0
2020-09-09,3280.997,3289.615,3238.561,3254.628,35150974700,0
2020-09-10,3282.232,3285.473,3227.644,3234.823,31247280400,0
2020-09-11,3225.784,3262.498,3220.536,3260.346,22169883000,0
2020-09-14,3275.918,3283.533,3261.148,3278.814,21392413700,0
2020-09-15,3277.128,3297.69,3263.752,3295.68,19768440000,0
2020-09-16,3293.168,3302.456,3271.075,3283.924,20044336400,0
2020-09-17,3277.324,3290.409,3248.499,3270.435,20293197200,0
2020-09-18,3270.911,3338.324,3268.526,3338.09,25626078800,0
2020-09-21,3348.899,3350.589,3313.071,3316.935,21650309300,0
2020-09-22,3290.666,3320.228,3265.703,3274.302,21401506500,0
2020-09-23,3278.836,3289.762,3264.891,3279.711,16917806800,0
2020-09-24,3262.879,3265.345,3221.237,3223.176,20673601100,0
2020-09-25,3234.374,3239.466,3208.035,3219.418,16482241900,0
2020-09-28,3224.977,3238.183,3210.893,3217.535,15598278300,0
2020-09-29,3231.855,3242.794,3219.79,3224.359,15134987000,0
2020-09-30,3232.71,3244.913,3202.344,3218.052,15350445700,0
2020-10-09,3262.611,3280.512,3260.187,3272.076,18832564800,0
2020-10-12,3287.328,3359.153,3286.111,3358.465,25962240800,0
2020-10-13,3353.121,3361.832,3334.499,3359.75,20492610300,0
2020-10-14,3353.625,3353.625,3332.964,3340.778,19865938200,0
2020-10-15,3342.922,3354.578,3330.001,3332.183,19103128200,0
2020-10-16,3334.457,3348.954,3319.11,3336.358,19429542100,0
2020-10-19,3351.096,3371.086,3307.841,3312.667,21230354000,0
2020-10-20,3307.15,3328.103,3293.766,3328.103,16508476200,0
2020-10-21,3332.147,3332.147,3304.169,3325.025,17763211500,0
2020-10-22,3315.821,3320.879,3281.366,3312.501,16594998700,0
2020-10-23,3308.158,3326.049,3276.62,3277.997,17420898200,0
2020-10-26,3258.703,3264.446,3226.602,3251.119,16773179500,0
2020-10-27,3240.74,3258.337,3235.544,3254.316,14911556600,0
2020-10-28,3256.223,3275.871,3238.382,3269.238,17318196500,0
2020-10-29,3235.765,3289.766,3231.124,3272.727,18470358900,0
2020-10-30,3278.631,3279.856,3219.422,3224.533,23018880300,0
2020-11-02,3228.715,3242.804,3209.909,3225.12,22677913700,0
2020-11-03,3239.806,3278.381,3237.854,3271.074,21529786400,0
2020-11-04,3273.433,3286.621,3254.111,3277.44,18851412800,0
2020-11-05,3305.58,3320.408,3291.6,3320.133,22680146200,0
2020-11-06,3326.465,3326.465,3292.151,3312.159,23486413200,0
2020-11-09,3329.429,3380.824,3329.429,3373.734,31021977100,0
2020-11-10,3387.622,3387.622,3346.172,3360.149,27870111300,0
2020-11-11,3354.025,3365.836,3339.041,3342.203,27120465300,0
2020-11-12,3344.456,3350.285,3329.485,3338.679,21650130900,0
2020-11-13,3327.229,3327.229,3291.643,3310.105,22789836400,0
2020-11-16,3325.621,3346.969,3313.647,3346.969,27959376100,0
2020-11-17,3347.151,3347.698,3323.951,3339.895,28363247900,0
2020-11-18,3337.332,3358.894,3333.992,3347.303,28753125900,0
2020-11-19,3339.086,3367.333,3330.45,3363.088,25326299200,0
2020-11-20,3359.597,3380.149,3356.309,3377.727,26127121900,0
2020-11-23,3384.104,3431.653,3377.986,3414.49,37387204700,0
2020-11-24,3407.409,3413.926,3396.244,3402.823,30099414400,0
2020-11-25,3417.515,3423.485,3362.327,3362.327,32211020700,0
2020-11-26,3360.061,3371.454,3344.282,3369.733,25588682200,0
2020-11-27,3373.843,3408.307,3364.492,3408.307,28064989400,0
2020-11-30,3418.158,3456.737,3391.755,3391.755,38498996800,0
2020-12-01,3388.987,3457.635,3386.911,3451.938,31618898000,0
2020-12-02,3453.518,3465.729,3435.871,3449.381,31281111400,0
2020-12-03,3448.54,3452.161,3428.804,3442.136,29845993000,0
2020-12-04,3436.729,3448.404,3417.048,3444.581,25627670500,0
2020-12-07,3446.648,3449.578,3414.314,3416.604,25452250800,0
2020-12-08,3417.694,3428.662,3403.026,3410.177,22690732800,0
2020-12-09,3416.078,3422.536,3371.916,3371.964,26074742400,0
2020-12-10,3365.731,3384.888,3357.753,3373.276,24730830400,0
2020-12-11,3381.008,3383.178,3325.172,3347.191,29861715800,0
2020-12-14,3349.534,3371.129,3338.626,3369.12,23980792600,0
2020-12-15,3366.581,3373.558,3348.419,3367.233,22566740200,0
2020-12-16,3371.263,3378.663,3359.171,3366.983,22081397600,0
2020-12-17,3367.277,3406.155,3354.011,3404.873,27546363100,0
2020-12-18,3400.486,3413.813,3382.751,3394.896,28099264100,0
2020-12-21,3394.395,3423.609,3381.116,3420.569,28375979400,0
2020-12-22,3410.968,3415.754,3353.858,3356.782,32303765400,0
2020-12-23,3362.472,3394.209,3360.202,3382.32,29952352700,0
2020-12-24,3382.193,3394.075,3354.022,3363.113,27504445000,0
2020-12-25,3351.79,3397.007,3348.345,3396.563,29454689500,0
2020-12-28,3396.359,3412.519,3383.654,3397.285,31618154200,0
2020-12-29,3399.294,3407.088,3376.088,3379.036,31176918500,0
2020-12-30,3375.009,3414.454,3374.416,3414.453,29102354300,0
2020-12-31,3419.727,3474.918,3419.727,3473.069,33567392600,0
2021-01-04,3474.679,3511.655,3457.206,3502.958,38079080000,0
2021-01-05,3492.191,3528.677,3484.715,3528.677,40799593400,0
2021-01-06,3530.907,3556.802,3513.126,3550.877,37023092600,0
2021-01-07,3552.909,3576.205,3526.617,3576.205,40534822600,0
2021-01-08,3577.692,3588.063,3544.891,3570.108,34555789600,0
2021-01-11,3571.321,3597.702,3516.986,3531.498,36247915400,0
2021-01-12,3518.011,3608.339,3517.469,3608.339,32340615300,0
2021-01-13,3613.281,3622.348,3575.595,3598.652,38812779100,0
2021-01-14,3584.932,3599.058,3559.6,3565.905,34766681900,0
2021-01-15,3566.285,3589.266,3533.788,3566.378,32461274400,0
2021-01-18,3554.798,3608.767,3544.261,3596.224,30165256500,0
2021-01-19,3596.356,3603.148,3553.024,3566.381,32343954100,0
2021-01-20,3564.121,3589.962,3556.443,3583.092,27227166100,0
2021-01-21,3590.925,3636.244,3585.802,3621.264,32746699500,0
2021-01-22,3616.54,3616.54,3585.034,3606.75,32446308400,0
2021-01-25,3605.361,3637.1,3591.02,3624.238,32734107000,0
2021-01-26,3610.969,3610.969,3564.742,3569.429,27813988400,0
2021-01-27,3567.549,3578.797,3546.492,3573.341,26410716100,0
2021-01-28,3534.669,3549.544,3496.879,3505.176,27086246100,0
2021-01-29,3521.718,3531.598,3446.547,3483.069,29366266400,0
2021-02-01,3477.172,3506.389,3469.875,3505.284,27756790100,0
2021-02-02,3510.808,3535.502,3495.568,3533.685,26454063000,0
2021-02-03,3531.149,3544.009,3508.507,3517.308,29735171600,0
2021-02-04,3503.779,3524.722,3465.771,3501.859,29883485400,0
2021-02-05,3509.487,3536.542,3492.962,3496.333,29014617400,0
2021-02-08,3504.563,3542.208,3492.129,3532.447,24979961900,0
2021-02-09,3539.773,3604.011,3528.676,3603.489,25382176000,0
2021-02-10,3612.613,3662.766,3612.505,3655.088,25794082400,0
2021-02-18,3721.087,3731.687,3663.664,3675.357,34030906500,0
2021-02-19,3661.783,3699.65,3634.015,3696.168,36105980400,0
2021-02-22,3707.191,3717.267,3642.445,3642.445,48882147800,0
2021-02-23,3617.701,3672.151,3617.701,3636.357,39887317400,0
2021-02-24,3638.936,3645.647,3531.594,3564.08,36215895200,0
2021-02-25,3595.542,3608.557,3568.474,3585.046,36623229900,0
2021-02-26,3514.565,3550.406,3500.704,3509.08,33328006700,0
2021-03-01,3531.48,3552.567,3511.989,3551.4,31548752600,0
2021-03-02,3566.852,3566.852,3485.364,3508.591,33983048600,0
2021-03-03,3500.158,3577.622,3498.719,3576.905,34765684600,0
2021-03-04,3546.641,3552.202,3487.376,3503.492,39361612000,0
2021-03-05,3463.309,3523.568,3456.667,3501.987,35640922300,0
2021-03-08,3524.983,3542.304,3421.215,3421.414,38704795400,0
2021-03-09,3415.339,3429.15,3328.312,3359.292,40765253900,0
2021-03-10,3389.839,3397.025,3354.823,3357.737,29974916600,0
2021-03-11,3369.902,3436.831,3369.902,3436.831,32211204400,0
2021-03-12,3447.203,3454.506,3417.239,3453.078,35802703500,0
2021-03-15,3441.882,3457.489,3392.509,3419.946,36781329300,0
2021-03-16,3424.652,3448.883,3406.175,3446.733,31666874700,0
2021-03-17,3435.732,3454.056,3410.282,3445.551,28005981800,0
2021-03-18,3449.641,3478.145,3449.377,3463.068,28440389100,0
2021-03-19,3423.873,3439.524,3389.293,3404.663,30916171600,0
2021-03-22,3406.123,3443.66,3404.234,3443.439,31255908400,0
2021-03-23,3445.341,3445.416,3390.048,3411.509,32638940900,0
2021-03-24,3394.128,3415.295,3362.185,3367.061,31739869700,0
2021-03-25,3355.071,3382.226,3344.97,3363.592,27067609700,0
2021-03-26,3373.317,3423.223,3373.317,3418.327,27461498700,0
2021-03-29,3429.632,3449.834,3409.887,3435.296,28482424300,0
2021-03-30,3432.529,3457.635,3423.315,3456.677,28542308100,0
2021-03-31,3452.208,3452.208,3420.832,3441.912,28304926100,0
2021-04-01,3444.81,3470.031,3438.826,3466.332,27524429500,0
2021-04-02,3472.628,3487.586,3462.832,3484.392,26265487300,0
2021-04-06,3491.634,3493.281,3471.761,3482.967,23474667100,0
2021-04-07,3483.421,3483.421,3453.195,3479.626,29578697800,0
2021-04-08,3467.487,3495.909,3459.325,3482.555,33175532900,0
2021-04-09,3475.443,3475.447,3442.139,3450.677,28008519600,0
2021-04-12,3445.97,3456.158,3403.901,3412.948,30957723900,0
2021-04-13,3411.293,3425.395,3387.902,3396.47,27062605400,0
2021-04-14,3397.021,3420.028,3392.975,3416.721,23324232700,0
2021-04-15,3409.614,3409.614,3373.094,3398.988,23400505400,0
2021-04-16,3407.188,3432.629,3394.134,3426.618,25857967200,0
2021-04-19,3427.548,3479.01,3414.356,3477.549,30273581900,0
2021-04-20,3467.148,3494.298,3463.464,3472.943,28530008200,0
2021-04-21,3456.299,3481.251,3450.111,3472.93,25377785900,0
2021-04-22,3482.833,3485.359,3456.316,3465.114,25111451000,0
2021-04-23,3462.086,3482.359,3456.333,3474.166,24936043300,0
2021-04-26,3484.107,3497.121,3438.572,3441.166,27697077100,0
2021-04-27,3440.091,3443.854,3417.265,3442.611,25303239300,0
2021-04-28,3432.161,3457.068,3423.325,3457.068,24738112000,0
2021-04-29,3458.082,3478.228,3447.588,3474.901,27663138700,0
2021-04-30,3468.302,3469.087,3426.902,3446.856,31266035400,0
2021-05-06,3446.074,3471.24,3426.849,3441.283,31042419200,0
2021-05-07,3446.407,3457.892,3416.776,3418.874,35378538900,0
2021-05-10,3423.59,3429.736,3401.935,3427.991,37417088400,0
2021-05-11,3406.598,3448.096,3384.697,3441.845,35093411200,0
2021-05-12,3429.754,3466.371,3428.394,3462.751,31144454700,0
2021-05-13,3432.138,3448.017,3418.385,3429.536,31932532700,0
2021-05-14,3436.092,3490.644,3422.565,3490.376,33698230900,0
2021-05-17,3490.409,3530.506,3490.144,3517.616,32213596900,0
2021-05-18,3520.649,3529.014,3510.862,3529.014,27130855800,0
2021-05-19,3521.11,3521.11,3503.815,3510.965,27832111700,0
2021-05-20,3500.877,3517.74,3486.066,3506.944,32600933300,0
2021-05-21,3510.835,3518.377,3479.674,3486.557,28382628500,0
2021-05-24,3486.271,3498.304,3469.875,3497.282,28950924200,0
2021-05-25,3502.539,3584.577,3502.443,3581.342,34124112700,0
2021-05-26,3586.839,3603.488,3585.37,3593.357,34198028800,0
2021-05-27,3585.734,3626.358,3579.26,3608.851,30955148600,0
2021-05-28,3610.767,3622.18,3582.358,3600.784,34920883000,0
2021-05-31,3600.07,3615.657,3580.652,3615.477,33152377000,0
2021-06-01,3608.598,3626.074,3581.912,3624.714,35281141300,0
2021-06-02,3626.328,3629.29,3584.596,3597.138,34855842000,0
2021-06-03,3595.422,3618.507,3584.205,3584.212,35423303100,0
2021-06-04,3565.472,3618.8,3561.891,3591.845,33089303800,0
2021-06-07,3597.141,3600.376,3581.899,3599.541,30371867700,0
2021-06-08,3598.753,3621.523,3563.25,3580.106,30449147000,0
2021-06-09,3576.802,3598.708,3572.636,3591.397,29832329600,0
2021-06-10,3587.528,3624.343,3584.133,3610.859,31817480800,0
2021-06-11,3614.113,3614.404,3587.149,3589.748,36055497000,0
2021-06-15,3587.466,3592.947,3547.187,3556.559,34916856600,0
2021-06-16,3556.714,3561.092,3513.559,3518.329,31259730600,0
2021-06-17,3508.317,3534.198,3507.354,3525.604,27722991800,0
2021-06-18,3520.497,3535.622,3503.183,3525.097,29670858500,0
2021-06-21,3515.501,3540.296,3504.008,3529.183,28089827700,0
2021-06-22,3539.788,3560.195,3536.812,3557.412,30753639900,0
2021-06-23,3559.399,3577.466,3549.848,3566.22,31070951800,0
2021-06-24,3568.576,3570.487,3548.816,3566.654,33544075400,0
2021-06-25,3567.377,3614.298,3564.52,3607.562,34608783200,0
2021-06-28,3612.247,3614.357,3594.217,3606.372,32127497400,0
2021-06-29,3601.677,3601.827,3570.525,3573.178,30607117800,0
2021-06-30,3572.624,3594.119,3569.501,3591.197,26816281800,0
2021-07-01,3600.546,3607.705,3573.937,3588.782,29188319200,0
2021-07-02,3569.892,3569.892,3514.339,3518.76,29194554800,0
2021-07-05,3516.923,3534.322,3510.578,3534.322,28809483700,0
2021-07-06,3533.13,3538.347,3496.928,3530.259,31407021100,0
2021-07-07,3508.59,3557.879,3504.472,3553.716,31883918900,0
2021-07-08,3557.218,3558.677,3521.058,3525.504,35087785700,0
2021-07-09,3512.233,3529.31,3485.054,3524.088,34988431700,0
2021-07-12,3545.198,3565.032,3527.393,3547.836,40363955800,0
2021-07-13,3547.59,3567.481,3542.815,3566.523,36241671100,0
2021-07-14,3560.828,3560.828,3525.494,3528.501,37222172200,0
2021-07-15,3519.063,3565.935,3514.258,3564.59,36325916400,0
2021-07-16,3559.526,3565.999,3537.729,3539.304,36601477900,0
2021-07-19,3530.493,3544.879,3506.342,3539.123,33676094600,0
2021-07-20,3515.072,3538.636,3509.192,3536.791,29378059400,0
2021-07-21,3543.053,3569.09,3543.053,3562.661,33897874800,0
2021-07-22,3563.661,3576.473,3558.293,3574.734,38106705400,0
2021-07-23,3571.715,3571.854,3541.51,3550.396,44642124600,0
2021-07-26,3538.014,3538.014,3424.742,3467.441,44288220300,0
2021-07-27,3467.447,3483.874,3380.276,3381.183,46907544300,0
2021-07-28,3355.819,3385.536,3312.721,3361.59,39582541900,0
2021-07-29,3403.838,3416.607,3382.571,3411.724,34456942800,0
2021-07-30,3398.196,3404.881,3370.451,3397.357,38144095600,0
2021-08-02,3385.69,3464.291,3367.643,3464.285,43292787100,0
2021-08-03,3446.784,3470.657,3435.462,3447.991,40069808100,0
2021-08-04,3442.937,3477.597,3440.784,3477.219,34874421800,0
2021-08-05,3461.719,3486.157,3449.389,3466.549,34843692200,0
2021-08-06,3465.484,3466.39,3436.932,3458.228,33682440000,0
2021-08-09,3441.75,3502.841,3438.703,3494.635,34991009400,0
2021-08-10,3488.664,3529.931,3477.064,3529.931,34511299200,0
2021-08-11,3527.109,3544.094,3524.044,3532.621,38378355400,0
2021-08-12,3522.724,3538.396,3513.446,3524.737,38107459300,0
2021-08-13,3514.467,3540.08,3500.8,3516.299,37818728200,0
2021-08-16,3514.345,3537.85,3510.898,3517.345,39109972100,0
2021-08-17,3512.109,3531.725,3438.123,3446.976,42288580400,0
2021-08-18,3442.347,3487.436,3437.691,3485.286,38920375600,0
2021-08-19,3475.298,3480.46,3446.015,3465.555,38238303100,0
2021-08-20,3442.506,3453.153,3394.972,3427.334,39113691800,0
2021-08-23,3436.796,3481.254,3436.671,3477.132,38472744000,0
2021-08-24,3482.266,3522.697,3481.141,3514.471,43023646300,0
2021-08-25,3517.915,3540.395,3510.066,3540.384,45004701900,0
2021-08-26,3537.314,3537.316,3499.453,3501.664,50290314700,0
2021-08-27,3494.418,3530.193,3493.375,3522.157,45534590600,0
2021-08-30,3535.073,3539.494,3512.993,3528.151,51278571600,0
2021-08-31,3519.025,3543.94,3496.389,3543.94,52420505600,0
2021-09-01,3543.866,3582.324,3514.674,3567.101,66727630500,0
2021-09-02,3559.903,3597.366,3557.677,3597.043,57268403900,0
2021-09-03,3602.742,3613.948,3569.399,3581.734,61453235300,0
2021-09-06,3580.141,3626.287,3580.141,3621.859,52171327600,0
2021-09-07,3621.71,3681.925,3615.144,3676.587,54772187500,0
2021-09-08,3673.402,3695.32,3661.0,3675.187,58643619300,0
2021-09-09,3666.825,3693.45,3662.163,3693.13,60481033000,0
2021-09-10,3691.186,3722.873,3681.642,3703.11,63520043300,0
2021-09-13,3699.253,3716.832,3692.816,3715.372,55748401900,0
2021-09-14,3709.634,3723.845,3655.634,3662.602,56495238600,0
2021-09-15,3651.158,3677.527,3638.323,3656.223,47497000100,0
2021-09-16,3664.841,3677.92,3606.728,3607.092,54674147400,0
2021-09-17,3595.272,3620.958,3569.271,3613.966,51685021000,0
2021-09-22,3563.207,3629.454,3560.503,3628.49,47229605300,0
2021-09-23,3651.266,3670.954,3632.282,3642.22,53499548600,0
2021-09-24,3637.868,3651.429,3607.792,3613.067,50730477200,0
2021-09-27,3625.96,3640.808,3559.915,3582.831,51080279500,0
2021-09-28,3577.886,3610.917,3568.819,3602.218,44416880700,0
2021-09-29,3573.518,3573.518,3518.048,3536.294,45251115100,0
2021-09-30,3541.928,3572.426,3541.928,3568.167,39562962600,0
2021-10-08,3609.087,3612.554,3571.734,3592.167,40716114800,0
2021-10-11,3600.357,3614.699,3586.749,3591.709,39436115900,0
2021-10-12,3581.297,3583.639,3515.141,3546.936,40539374800,0
2021-10-13,3543.492,3569.133,3515.648,3561.762,32505066700,0
2021-10-14,3555.109,3569.686,3547.182,3558.28,29496919600,0
2021-10-15,3551.987,3578.766,3542.693,3572.366,32029298400,0
2021-10-18,3571.048,3571.048,3539.478,3568.138,34095061600,0
2021-10-19,3562.296,3596.788,3560.622,3593.153,33419765200,0
2021-10-20,3583.236,3596.05,3574.296,3587.001,34424500800,0
2021-10-21,3590.05,3610.96,3576.355,3594.783,35231086700,0
2021-10-22,3594.746,3607.578,3578.76,3582.604,35315720300,0
2021-10-25,3574.263,3611.091,3564.206,3609.863,32119681600,0
2021-10-26,3612.833,3625.016,3589.706,3597.638,33727829100,0
2021-10-27,3589.857,3589.857,3553.128,3562.305,35062094000,0
2021-10-28,3548.702,3552.042,3509.487,3518.417,37817166600,0
2021-10-29,3519.328,3547.336,3502.801,3547.336,35880937700,0
2021-11-01,3530.396,3556.59,3519.29,3544.48,38225132500,0
2021-11-02,3543.383,3559.048,3477.664,3505.628,41756317300,0
2021-11-03,3501.105,3512.609,3480.488,3498.537,30660766900,0
2021-11-04,3505.894,3527.952,3503.006,3526.866,31944082900,0
2021-11-05,3520.207,3525.872,3491.457,3491.568,35453356500,0
2021-11-08,3491.971,3507.274,3484.24,3498.631,29818372200,0
2021-11-09,3507.108,3514.951,3489.043,3507.002,28731598900,0
2021-11-10,3498.945,3498.945,3448.438,3492.462,30703070800,0
2021-11-11,3486.451,3534.199,3482.829,3532.786,32208795700,0
2021-11-12,3534.151,3543.648,3527.39,3539.1,30868335400,0
2021-11-15,3542.903,3550.444,3521.292,3533.303,31301761200,0
2021-11-16,3530.458,3549.765,3517.807,3521.787,31039990900,0
2021-11-17,3518.565,3537.513,3513.523,3537.366,27673567100,0
2021-11-18,3531.492,3537.976,3513.114,3520.711,31242692700,0
2021-11-19,3519.276,3561.913,3517.651,3560.373,31798997600,0
2021-11-22,3562.763,3585.188,3562.751,3582.08,33000938500,0
2021-11-23,3580.506,3598.375,3577.361,3589.089,36001159300,0
2021-11-24,3590.019,3602.735,3575.288,3592.703,33677524600,0
2021-11-25,3593.388,3597.148,3579.533,3584.179,30645151800,0
2021-11-26,3576.114,3576.114,3554.88,3564.089,30100006600,0
2021-11-29,3528.672,3563.677,3526.355,3562.697,33361833100,0
2021-11-30,3570.747,3582.115,3546.362,3563.887,34918793800,0
2021-12-01,3561.886,3576.885,3558.691,3576.885,32987351700,0
2021-12-02,3573.247,3586.867,3567.137,3573.836,35404152400,0
2021-12-03,3576.45,3608.47,3573.214,3607.432,37755104800,0
2021-12-06,3615.236,3626.126,3586.805,3589.306,41867674300,0
2021-12-07,3611.217,3614.223,3572.569,3595.088,40384259400,0
2021-12-08,3602.824,3637.715,3591.986,3637.568,36103665700,0
2021-12-09,3641.158,3688.397,3638.702,3673.041,43191815700,0
2021-12-10,3654.368,3667.855,3651.353,3666.348,41998880100,0
2021-12-13,3686.937,3708.942,3678.058,3681.082,42409200900,0
2021-12-14,3669.807,3671.678,3654.656,3661.525,36217193400,0
2021-12-15,3655.049,3668.402,3645.243,3647.63,37747766700,0
2021-12-16,3648.927,3675.016,3644.665,3675.016,38132950700,0
2021-12-17,3670.258,3673.654,3631.661,3632.364,40848783700,0
2021-12-20,3620.037,3643.954,3589.36,3593.602,42385141000,0
2021-12-21,3591.452,3627.088,3591.452,3625.125,40818434800,0
2021-12-22,3632.676,3635.899,3616.548,3622.618,39482517700,0
2021-12-23,3625.47,3643.546,3618.048,3643.339,38292573400,0
2021-12-24,3645.395,3648.956,3612.067,3618.054,39034762500,0
2021-12-27,3613.047,3632.188,3601.935,3615.974,32923529300,0
2021-12-28,3619.642,3631.077,3607.364,3630.112,31620224200,0
2021-12-29,3630.916,3630.916,3596.323,3597.0,30513176600,0
2021-12-30,3596.492,3628.918,3595.496,3619.189,30783929100,0
2021-12-31,3626.242,3642.843,3624.942,3639.775,32968193200,0
2022-01-04,3649.151,3651.892,3610.092,3632.329,40502776900,0
2022-01-05,3628.263,3628.263,3583.467,3595.176,42390202800,0
2022-01-06,3581.218,3594.489,3559.88,3586.079,37154054300,0
2022-01-07,3588.985,3607.232,3577.098,3579.543,43630696100,0
2022-01-10,3572.743,3593.519,3555.126,3593.519,35622261000,0
2022-01-11,3589.904,3602.145,3562.754,3567.441,35976186300,0
2022-01-12,3578.163,3599.499,3572.097,3597.432,34313295600,0
2022-01-13,3601.027,3601.073,3555.158,3555.259,36936836500,0
2022-01-14,3544.065,3548.42,3519.322,3521.256,37693702400,0
2022-01-17,3522.085,3546.085,3519.426,3541.666,31288673300,0
2022-01-18,3541.89,3579.313,3531.33,3569.914,37714643500,0
2022-01-19,3567.631,3578.735,3541.662,3558.18,33323526900,0
2022-01-20,3556.226,3576.259,3540.555,3555.063,37950984600,0
2022-01-21,3546.75,3547.0,3514.885,3522.568,32653488000,0
2022-01-24,3508.244,3531.608,3500.139,3524.105,28026834200,0
2022-01-25,3509.285,3519.833,3433.061,3433.061,32735381300,0
2022-01-26,3442.692,3462.123,3417.759,3455.668,27512282800,0
2022-01-27,3456.102,3456.363,3392.015,3394.247,28060653400,0
2022-01-28,3407.593,3417.045,3356.556,3361.44,29085525700,0
2022-02-07,3407.762,3434.026,3407.762,3429.581,32048521100,0
2022-02-08,3428.542,3453.186,3390.458,3452.629,36609386500,0
2022-02-09,3450.818,3484.739,3444.085,3479.946,35024993600,0
2022-02-10,3481.91,3488.855,3464.217,3485.907,35566626700,0
2022-02-11,3472.276,3500.147,3459.33,3462.948,36135609000,0
2022-02-14,3451.847,3457.265,3415.446,3428.882,31527444800,0
2022-02-15,3428.045,3447.492,3421.64,3446.089,27555932200,0
2022-02-16,3457.073,3475.058,3453.801,3465.831,27499391300,0
2022-02-17,3464.209,3480.972,3454.277,3468.035,29726268200,0
2022-02-18,3451.632,3490.757,3447.027,3490.757,29514996300,0
2022-02-21,3488.406,3492.199,3471.686,3490.612,30154174000,0
2022-02-22,3473.287,3473.393,3437.672,3457.146,32627948400,0
2022-02-23,3458.514,3490.763,3458.18,3489.147,32560489500,0
2022-02-24,3474.369,3486.977,3400.214,3429.956,48835490100,0
2022-02-25,3445.336,3480.176,3440.934,3451.406,37754255600,0
2022-02-28,3450.316,3462.306,3425.516,3462.306,34583838800,0
2022-03-01,3471.365,3491.132,3465.715,3488.835,32600166200,0
2022-03-02,3478.293,3486.621,3467.0,3484.192,32936768400,0
2022-03-03,3495.928,3500.287,3473.338,3481.113,41259428900,0
2022-03-04,3459.985,3474.882,3437.696,3447.649,39352658100,0
2022-03-07,3438.56,3438.56,3360.739,3372.855,39358899900,0
2022-03-08,3372.555,3383.633,3287.341,3293.53,41592676600,0
2022-03-09,3303.706,3321.481,3147.677,3256.388,46628556900,0
2022-03-10,3312.179,3326.583,3291.235,3296.092,37833637600,0
2022-03-11,3259.323,3315.66,3217.419,3309.747,38406712700,0
2022-03-14,3271.89,3297.797,3223.533,3223.533,33796868700,0
2022-03-15,3192.364,3196.916,3063.965,3063.965,46503716400,0
2022-03-16,3107.669,3177.788,3023.305,3170.71,44466718900,0
2022-03-17,3215.011,3260.167,3202.934,3215.045,42081345800,0
2022-03-18,3207.152,3260.783,3197.358,3251.072,37303561100,0
2022-03-21,3255.615,3267.498,3223.389,3253.686,35422848800,0
2022-03-22,3249.543,3279.113,3239.532,3259.862,36119615800,0
2022-03-23,3264.792,3279.887,3251.982,3271.033,34987537000,0
2022-03-24,3256.057,3266.887,3236.659,3250.264,32900665400,0
2022-03-25,3247.157,3257.106,3211.645,3212.24,34002000600,0
2022-03-28,3185.167,3230.215,3159.835,3214.503,34499487300,0
2022-03-29,3216.012,3229.177,3196.455,3203.939,31627364900,0
2022-03-30,3217.592,3266.596,3216.302,3266.596,36675367700,0
2022-03-31,3256.137,3272.04,3246.063,3252.203,39843993400,0
2022-04-01,3234.668,3287.229,3226.297,3282.717,37821046000,0
2022-04-06,3269.427,3288.108,3255.689,3283.426,42964277900,0
2022-04-07,3267.81,3290.256,3236.479,3236.695,40262666000,0
2022-04-08,3239.877,3257.094,3208.352,3251.85,41382679900,0
2022-04-11,3239.855,3239.855,3156.507,3167.126,42416018500,0
2022-04-12,3165.12,3214.536,3140.9,3213.33,41832192300,0
2022-04-13,3199.797,3225.467,3183.533,3186.824,39115692500,0
2022-04-14,3203.634,3240.001,3200.235,3225.641,37124234400,0
2022-04-15,3210.7,3229.866,3200.133,3211.245,40784208200,0
2022-04-18,3185.943,3204.027,3166.978,3195.524,34736512300,0
2022-04-19,3192.092,3207.828,3174.714,3194.029,33994410400,0
2022-04-20,3189.891,3191.832,3142.049,3151.05,36204703700,0
2022-04-21,3138.428,3160.899,3069.681,3079.808,39193469400,0
2022-04-22,3058.404,3105.655,3049.356,3086.919,34200056300,0
2022-04-25,3034.267,3043.816,2928.51,2928.512,43360610800,0
2022-04-26,2930.453,2957.68,2878.256,2886.426,40161515400,0
2022-04-27,2866.816,2959.178,2863.65,2958.282,42306019100,0
2022-04-28,2945.811,2991.51,2936.794,2975.485,37537177500,0
2022-04-29,2986.061,3048.494,2968.334,3047.062,42393279400,0
2022-05-05,3044.849,3082.23,3042.116,3067.759,38307287500,0
2022-05-06,3011.319,3030.693,2992.715,3001.561,34326421800,0
2022-05-09,2990.199,3015.943,2983.612,3004.141,29206155600,0
2022-05-10,2965.776,3043.779,2957.397,3035.844,37066098000,0
2022-05-11,3035.389,3100.9,3034.675,3058.703,42399191200,0
2022-05-12,3044.8,3072.157,3032.945,3054.994,34444047700,0
2022-05-13,3068.033,3086.096,3059.253,3084.285,33173785200,0
2022-05-16,3100.55,3102.577,3063.398,3073.749,33810849200,0
2022-05-17,3076.498,3093.697,3057.641,3093.697,33035653700,0
2022-05-18,3095.886,3105.842,3071.305,3085.977,31503792300,0
2022-05-19,3046.71,3096.965,3042.674,3096.965,33660074900,0
2022-05-20,3107.094,3146.567,3107.094,3146.567,37233663600,0
2022-05-23,3150.49,3150.509,3127.899,3146.857,35337632500,0
2022-05-24,3149.059,3153.13,3070.927,3070.927,41631215800,0
2022-05-25,3070.17,3107.628,3069.946,3107.464,34225922700,0
2022-05-26,3111.482,3133.277,3079.481,3123.108,37030551800,0
2022-05-27,3135.032,3151.047,3112.544,3130.239,35946386600,0
2022-05-30,3141.956,3150.892,3123.15,3149.061,34936228500,0
2022-05-31,3149.944,3188.603,3142.004,3186.427,37452326500,0
2022-06-01,3179.695,3190.609,3160.04,3182.157,36566443200,0
2022-06-02,3170.306,3197.282,3163.756,3195.458,36177063200,0
2022-06-06,3196.955,3237.071,3181.647,3236.372,42202783500,0
2022-06-07,3235.416,3253.093,3222.635,3241.764,40220322000,0
2022-06-08,3245.017,3266.63,3216.015,3263.793,43418327000,0
2022-06-09,3259.49,3270.557,3223.475,3238.954,42272837200,0
2022-06-10,3214.185,3286.62,3210.808,3284.834,43986573000,0
2022-06-13,3256.275,3272.991,3229.309,3255.551,43857831200,0
2022-06-14,3224.214,3289.134,3195.819,3288.907,45038818700,0
2022-06-15,3289.104,3358.545,3288.851,3305.407,55058413100,0
2022-06-16,3306.835,3319.689,3277.531,3285.385,43322086800,0
2022-06-17,3265.512,3323.28,3262.894,3316.786,39530070000,0
2022-06-20,3315.783,3333.903,3292.928,3315.43,41346041000,0
2022-06-21,3313.787,3329.39,3279.827,3306.719,39445689100,0
2022-06-22,3309.118,3311.021,3266.543,3267.202,37552978200,0
2022-06-23,3269.055,3320.149,3262.294,3320.149,40061421100,0
2022-06-24,3324.736,3356.715,3322.95,3349.747,39081973400,0
2022-06-27,3364.003,3393.309,3364.003,3379.185,41411773800,0
2022-06-28,3377.679,3412.102,3358.867,3409.21,41205651600,0
2022-06-29,3399.678,3414.647,3358.468,3361.518,44057355900,0
2022-06-30,3358.934,3417.009,3358.934,3398.616,38124317800,0
2022-07-01,3400.262,3404.052,3378.362,3387.637,35048929900,0
2022-07-04,3381.819,3405.619,3364.095,3405.427,35773791900,0
2022-07-05,3411.13,3424.837,3372.062,3404.025,41169967200,0
2022-07-06,3391.027,3391.027,3333.097,3355.35,38463004700,0
2022-07-07,3353.128,3375.86,3332.309,3364.398,33440020200,0
2022-07-08,3380.369,3386.315,3354.121,3356.078,32292107200,0
2022-07-11,3341.102,3341.102,3297.005,3313.584,34266919300,0
2022-07-12,3307.221,3319.251,3277.079,3281.467,33460053900,0
2022-07-13,3279.603,3297.019,3266.481,3284.292,33184566900,0
2022-07-14,3277.455,3299.251,3261.493,3281.744,35592643200,0
2022-07-15,3261.383,3288.92,3228.061,3228.061,38015637100,0
2022-07-18,3235.088,3278.472,3226.232,3278.103,34834602200,0
2022-07-19,3278.722,3283.93,3256.015,3279.431,31565191800,0
2022-07-20,3291.551,3308.347,3287.744,3304.724,30151512300,0
2022-07-21,3297.661,3300.535,3272.001,3272.001,33235870700,0
2022-07-22,3276.197,3293.644,3246.731,3269.974,30069006600,0
2022-07-25,3269.707,3273.184,3243.031,3250.388,27124574400,0
2022-07-26,3254.185,3282.413,3246.044,3277.436,25946867600,0
2022-07-27,3271.783,3282.574,3265.727,3275.755,24913148500,0
2022-07-28,3287.502,3305.706,3277.108,3282.576,28805505600,0
2022-07-29,3282.811,3294.805,3246.368,3253.238,30733104700,0
2022-08-01,3246.616,3264.304,3225.553,3259.959,29220480500,0
2022-08-02,3231.262,3231.262,3155.187,3186.266,39417616800,0
2022-08-03,3188.891,3217.55,3159.457,3163.674,32488567300,0
2022-08-04,3179.428,3190.999,3155.704,3189.039,26089894300,0
2022-08-05,3195.227,3228.886,3184.455,3227.027,27468372900,0
2022-08-08,3218.851,3237.969,3214.083,3236.934,25426805000,0
2022-08-09,3235.735,3248.772,3227.539,3247.432,25960546700,0
2022-08-10,3242.362,3253.166,3217.807,3230.02,25758359200,0
2022-08-11,3243.472,3281.665,3237.904,3281.665,30060537600,0
2022-08-12,3275.77,3288.223,3272.841,3276.888,29993292800,0
2022-08-15,3268.365,3286.891,3261.815,3276.087,28710677300,0
2022-08-16,3278.676,3295.023,3271.57,3277.885,30359227400,0
2022-08-17,3282.101,3295.998,3263.348,3292.526,32612475900,0
2022-08-18,3286.367,3289.142,3270.558,3277.544,30169477800,0
2022-08-19,3275.623,3286.491,3258.064,3258.078,33353547100,0
2022-08-22,3249.705,3278.166,3247.187,3277.794,31453786900,0
2022-08-23,3274.427,3284.596,3262.633,3276.223,31656635600,0
2022-08-24,3279.172,3281.875,3212.386,3215.203,36614057700,0
2022-08-25,3223.465,3248.351,3199.124,3246.248,33619616500,0
2022-08-26,3250.628,3266.274,3232.277,3236.223,30992755400,0
2022-08-29,3203.102,3240.728,3198.996,3240.728,29701509700,0
2022-08-30,3240.184,3243.746,3212.635,3227.22,29431891400,0
2022-08-31,3216.526,3232.016,3184.394,3202.138,34440882900,0
2022-09-01,3196.537,3214.558,3181.626,3184.98,27466054100,0
2022-09-02,3189.644,3198.281,3173.793,3186.478,25045691100,0
2022-09-05,3183.946,3199.912,3172.039,3199.912,28067563300,0
2022-09-06,3207.933,3244.635,3203.816,3243.447,31886968900,0
2022-09-07,3232.137,3253.767,3227.823,3246.294,30101446600,0
2022-09-08,3245.557,3253.701,3233.801,3235.586,28168035800,0
2022-09-09,3241.181,3266.197,3236.508,3262.054,28382766500,0
2022-09-13,3272.049,3278.166,3259.664,3263.797,27618982300,0
2022-09-14,3224.678,3250.802,3221.961,3237.542,25519336500,0
2022-09-15,3248.972,3254.179,3174.39,3199.919,32520612100,0
2022-09-16,3189.827,3191.827,3126.397,3126.398,31647589300,0
2022-09-19,3122.755,3135.557,3101.221,3115.602,24911366200,0
2022-09-20,3127.836,3140.025,3114.037,3122.406,21994253400,0
2022-09-21,3116.007,3129.825,3091.297,3117.177,23297249600,0
2022-09-22,3098.768,3125.68,3092.819,3108.91,22114068900,0
2022-09-23,3106.806,3124.658,3072.241,3088.37,24305771900,0
2022-09-26,3067.569,3102.654,3048.514,3051.226,26269862800,0
2022-09-27,3056.392,3094.039,3048.365,3093.862,23273530300,0
2022-09-28,3089.098,3089.098,3044.864,3045.067,23009865000,0
2022-09-29,3067.473,3076.762,3026.079,3041.205,23003041600,0
2022-09-30,3042.166,3054.613,3021.931,3024.391,20411533600,0
2022-10-10,3026.935,3029.448,2968.281,2974.145,24340482800,0
2022-10-11,2978.062,2986.912,2953.495,2979.793,20863595000,0
2022-10-12,2976.717,3025.506,2934.092,3025.506,24801355700,0
2022-10-13,3008.302,3036.249,3004.496,3016.356,24968328100,0
2022-10-14,3035.034,3084.272,3035.034,3071.987,27730406100,0
2022-10-17,3060.518,3087.194,3052.715,3084.942,26260861800,0
2022-10-18,3094.927,3099.918,3074.216,3080.957,24563475700,0
2022-10-19,3073.262,3081.39,3044.378,3044.378,23089531000,0
2022-10-20,3029.303,3070.265,3013.693,3035.05,24473614500,0
2022-10-21,3038.036,3055.416,3026.96,3038.929,24525412200,0
2022-10-24,3034.746,3064.421,2965.168,2977.555,29808535600,0
2022-10-25,2969.156,3001.715,2944.261,2976.283,25555416000,0
2022-10-26,2977.564,3028.348,2977.564,2999.504,26868949200,0
2022-10-27,3005.037,3017.263,2981.689,2982.903,26560825400,0
2022-10-28,2967.022,2974.236,2908.983,2915.926,29253130800,0
2022-10-31,2893.196,2926.015,2885.089,2893.483,30199420300,0
2022-11-01,2899.499,2969.2,2896.757,2969.2,31980957800,0
2022-11-02,2960.647,3019.049,2954.948,3003.37,32507824800,0
2022-11-03,2981.204,3003.721,2977.716,2997.806,25934856700,0
2022-11-04,2996.997,3081.59,2996.997,3070.796,32980674000,0
2022-11-07,3062.859,3088.193,3054.457,3077.817,32056709700,0
2022-11-08,3077.306,3078.276,3047.462,3064.493,25652200700,0
2022-11-09,3064.463,3073.918,3046.188,3048.168,23563732400,0
2022-11-10,3031.692,3047.98,3022.851,3036.132,27037179800,0
2022-11-11,3099.65,3117.742,3070.301,3087.293,40960453400,0
2022-11-14,3100.867,3121.406,3075.215,3083.401,36178821600,0
2022-11-15,3081.135,3135.59,3074.498,3134.078,33147057700,0
2022-11-16,3133.65,3145.753,3115.345,3119.98,30342984400,0
2022-11-17,3110.965,3115.435,3087.174,3115.435,28702840700,0
2022-11-18,3116.729,3126.711,3096.886,3097.243,29995427600,0
2022-11-21,3078.057,3085.243,3056.17,3085.044,25604554900,0
2022-11-22,3084.233,3118.12,3076.321,3088.943,32756592700,0
2022-11-23,3084.74,3108.244,3075.324,3096.907,32615544900,0
2022-11-24,3104.096,3113.239,3084.855,3089.31,26748292800,0
2022-11-25,3085.461,3111.421,3077.967,3101.693,31143197900,0
2022-11-28,3055.29,3080.184,3034.705,3078.549,30581128400,0
2022-11-29,3096.113,3152.003,3096.113,3149.748,39144974800,0
2022-11-30,3141.399,3158.573,3137.369,3151.335,37271832100,0
2022-12-01,3187.99,3198.409,3164.535,3165.471,38701305600,0
2022-12-02,3160.579,3170.898,3149.841,3156.144,30781248400,0
2022-12-05,3181.916,3213.44,3177.064,3211.814,44739843700,0
2022-12-06,3200.275,3224.822,3195.079,3212.533,37359029600,0
2022-12-07,3204.935,3226.082,3188.671,3199.619,35411307800,0
2022-12-08,3196.016,3206.715,3187.257,3197.35,32096929400,0
2022-12-09,3197.118,3212.106,3182.907,3206.95,37334320900,0
2022-12-12,3195.868,3196.725,3176.575,3179.042,33338179200,0
2022-12-13,3179.435,3187.204,3171.483,3176.326,28582120000,0
2022-12-14,3178.554,3189.835,3168.593,3176.525,26562356900,0
2022-12-15,3177.2,3179.1,3158.452,3168.648,24302333300,0
2022-12-16,3156.135,3175.353,3151.609,3167.858,25977179500,0
2022-12-19,3165.309,3170.255,3096.098,3107.115,27851354100,0
2022-12-20,3098.953,3100.748,3061.51,3073.766,21883676600,0
2022-12-21,3078.331,3085.795,3060.554,3068.411,18906792000,0
2022-12-22,3085.8,3096.245,3044.599,3054.431,22363953700,0
2022-12-23,3038.842,3061.867,3031.536,3045.866,19202030500,0
2022-12-26,3048.196,3071.836,3047.349,3065.563,20650389300,0
2022-12-27,3077.747,3098.078,3074.313,3095.568,22221832200,0
2022-12-28,3088.617,3098.65,3079.434,3087.4,22455415100,0
2022-12-29,3076.726,3086.005,3064.459,3073.702,21557067600,0
2022-12-30,3084.523,3096.314,3082.196,3089.258,21754534400,0
2023-01-03,3087.513,3119.856,3073.054,3116.512,28137036200,0
2023-01-04,3117.571,3129.094,3109.451,3123.516,27331362600,0
2023-01-05,3132.761,3159.427,3130.23,3155.216,25700301800,0
2023-01-06,3155.075,3170.742,3151.841,3157.637,25738025500,0
2023-01-09,3169.374,3183.583,3165.428,3176.085,25811521800,0
2023-01-10,3178.022,3178.157,3165.145,3169.507,23298417500,0
2023-01-11,3172.376,3184.757,3160.89,3161.838,23774286900,0
2023-01-12,3167.273,3171.591,3153.404,3163.451,21667130500,0
2023-01-13,3170.355,3195.307,3167.51,3195.306,22022689700,0
2023-01-16,3198.519,3251.374,3197.319,3227.592,30674954900,0
2023-01-17,3229.435,3231.265,3211.757,3224.245,22659223000,0
2023-01-18,3227.595,3234.817,3220.37,3224.406,21210973000,0
2023-01-19,3221.518,3240.279,3210.383,3240.279,22646503000,0
2023-01-20,3247.203,3267.058,3247.203,3264.814,27321918200,0
2023-01-30,3308.869,3310.49,3266.758,3269.318,35332582900,0
2023-01-31,3266.144,3277.252,3252.015,3255.669,30016295700,0
2023-02-01,3262.196,3284.922,3245.411,3284.921,33950941000,0
2023-02-02,3291.783,3295.764,3272.414,3285.671,33341313300,0
2023-02-03,3275.658,3275.658,3235.353,3263.406,29334281400,0
2023-02-06,3244.701,3250.351,3226.211,3238.698,26705310700,0
2023-02-07,3245.23,3250.033,3233.833,3248.094,25094645000,0
2023-02-08,3251.501,3257.114,3230.439,3232.106,23453048100,0
2023-02-09,3227.728,3270.383,3225.772,3270.383,25475452900,0
2023-02-10,3266.437,3269.994,3247.23,3260.673,26062692600,0
2023-02-13,3256.988,3285.091,3252.633,3284.16,29721318800,0
2023-02-14,3288.974,3293.734,3279.189,3293.283,27097416800,0
2023-02-15,3294.015,3296.2,3274.551,3280.492,26993912300,0
2023-02-16,3281.735,3308.828,3231.342,3249.03,38086354500,0
2023-02-17,3244.733,3262.473,3223.258,3224.024,27845123700,0
2023-02-20,3230.473,3291.039,3225.843,3290.338,32500773300,0
2023-02-21,3291.631,3308.791,3282.436,3306.524,32440944900,0
2023-02-22,3292.049,3307.034,3286.721,3291.148,25540398500,0
2023-02-23,3293.522,3307.439,3275.362,3287.477,26232430400,0
2023-02-24,3287.255,3288.392,3253.975,3267.16,23420630600,0
2023-02-27,3257.0,3276.579,3251.721,3258.034,24285534400,0
2023-02-28,3265.742,3280.415,3246.145,3279.605,25162503200,0
2023-03-01,3279.136,3315.16,3272.035,3312.348,31839870400,0
2023-03-02,3308.011,3320.744,3306.455,3310.654,32852001600,0
2023-03-03,3314.773,3330.605,3302.623,3328.393,34399691900,0
2023-03-06,3332.024,3333.062,3308.726,3322.026,34053044600,0
2023-03-07,3320.211,3342.859,3284.41,3285.099,38995795600,0
2023-03-08,3271.88,3283.248,3263.693,3283.248,26044354700,0
2023-03-09,3285.943,3289.06,3260.0,3276.094,26402185900,0
2023-03-10,3255.512,3262.147,3229.496,3230.077,28113541000,0
2023-03-13,3228.124,3268.696,3228.124,3268.696,29492808700,0
2023-03-14,3261.922,3262.003,3216.993,3245.312,31990603300,0
2023-03-15,3261.028,3273.123,3256.857,3263.315,30516879800,0
2023-03-16,3244.47,3257.433,3224.722,3226.891,32738963200,0
2023-03-17,3245.26,3279.923,3240.157,3250.546,34300102200,0
2023-03-20,3253.93,3267.993,3231.646,3234.91,39251739100,0
2023-03-21,3240.839,3256.0,3237.893,3255.651,30181077900,0
2023-03-22,3263.413,3279.394,3255.739,3265.748,29084046200,0
2023-03-23,3258.779,3286.649,3252.992,3286.649,30611839300,0
2023-03-24,3282.739,3282.739,3260.844,3265.654,32451333700,0
2023-03-27,3261.824,3261.824,3229.704,3251.397,33786120600,0
2023-03-28,3256.602,3264.098,3241.737,3245.376,29568266000,0
2023-03-29,3253.621,3254.556,3229.585,3240.057,29690050800,0
2023-03-30,3243.068,3263.738,3220.985,3261.249,29989829500,0
2023-03-31,3263.406,3278.423,3260.04,3272.86,28361374600,0
2023-04-03,3277.34,3299.732,3276.416,3296.396,35767677500,0
2023-04-04,3297.183,3312.562,3290.993,3312.558,38587161700,0
2023-04-06,3302.751,3314.526,3296.055,3312.628,32715542400,0
2023-04-07,3312.481,3328.846,3308.061,3327.646,28303224700,0
2023-04-10,3331.505,3332.715,3309.917,3315.358,34081984500,0
2023-04-11,3317.077,3317.448,3298.25,3313.571,32056605500,0
2023-04-12,3316.862,3330.708,3315.399,3327.182,34302531500,0
2023-04-13,3321.273,3334.47,3309.252,3318.364,34786210600,0
2023-04-14,3326.37,3340.076,3316.81,3338.153,33829927500,0
2023-04-17,3337.061,3385.61,3336.388,3385.61,40280992600,0
2023-04-18,3379.227,3396.175,3375.78,3393.331,34839948600,0
2023-04-19,3391.355,3394.959,3364.642,3370.128,34612344300,0
2023-04-20,3367.053,3371.368,3344.016,3367.031,35035496500,0
2023-04-21,3363.999,3367.609,3301.258,3301.258,38739509800,0
2023-04-24,3300.813,3303.091,3264.935,3275.413,35425562600,0
2023-04-25,3276.403,3288.569,3229.446,3264.872,38089572900,0
2023-04-26,3255.217,3277.98,3239.989,3264.101,35791784200,0
2023-04-27,3256.228,3299.301,3253.112,3285.884,34159053400,0
2023-04-28,3283.122,3324.881,3283.122,3323.275,40155478500,0
2023-05-04,3306.483,3352.746,3302.028,3350.459,48336491600,0
2023-05-05,3350.654,3364.142,3321.187,3334.503,43650449400,0
2023-05-08,3340.99,3400.177,3340.99,3395.004,53410365900,0
2023-05-09,3402.394,3418.953,3356.118,3357.671,57301330900,0
2023-05-10,3347.702,3349.721,3305.251,3319.151,45173973100,0
2023-05-11,3323.658,3333.25,3307.289,3309.551,35425827100,0
2023-05-12,3304.458,3319.131,3271.431,3272.362,34731498300,0
2023-05-15,3269.878,3310.737,3235.868,3310.737,38804588700,0
2023-05-16,3310.161,3317.901,3282.492,3290.987,32247941000,0
2023-05-17,3281.966,3298.519,3269.894,3284.232,28574405000,0
2023-05-18,3288.411,3313.862,3284.168,3297.32,30996747200,0
2023-05-19,3288.891,3302.342,3268.224,3283.542,28540406400,0
2023-05-22,3278.596,3308.533,3276.54,3296.47,27388999800,0
2023-05-23,3294.788,3298.226,3246.238,3246.238,27527908300,0
2023-05-24,3237.705,3237.705,3204.381,3204.749,28872025700,0
2023-05-25,3197.364,3207.021,3168.572,3201.261,28358892500,0
2023-05-26,3198.883,3220.774,3179.822,3212.504,26170047900,0
2023-05-29,3219.755,3230.971,3208.955,3221.448,29738948700,0
2023-05-30,3214.673,3230.632,3186.626,3224.213,30353246000,0
2023-05-31,3214.655,3216.36,3190.274,3204.564,29457333800,0
2023-06-01,3196.155,3225.093,3189.517,3204.635,31233075900,0
2023-06-02,3212.449,3233.992,3211.737,3230.069,29466709800,0
2023-06-05,3231.811,3244.18,3221.625,3232.441,27806020300,0
2023-06-06,3228.407,3247.349,3189.269,3195.34,30828587200,0
2023-06-07,3197.468,3210.33,3188.005,3197.759,25806340000,0
2023-06-08,3194.835,3225.526,3180.535,3213.586,29353074100,0
2023-06-09,3213.033,3231.406,3206.103,3231.406,31415550100,0
2023-06-12,3225.305,3239.437,3210.714,3228.834,31378444400,0
2023-06-13,3223.896,3235.085,3215.499,3233.673,28062845400,0
2023-06-14,3238.119,3248.461,3226.774,3228.989,30353726000,0
2023-06-15,3230.451,3252.975,3229.145,3252.975,31325575200,0
2023-06-16,3256.299,3276.552,3255.499,3273.334,32628184600,0
2023-06-19,3271.164,3271.164,3251.779,3255.806,32775304700,0
2023-06-20,3252.544,3252.844,3237.786,3240.365,29826059600,0
2023-06-21,3230.114,3236.363,3197.901,3197.901,29437737200,0
2023-06-26,3177.229,3181.076,3144.248,3150.619,30812981100,0
2023-06-27,3153.313,3194.409,3148.266,3189.443,28760432700,0
2023-06-28,3183.487,3192.659,3157.123,3189.376,27623194800,0
2023-06-29,3185.424,3196.503,3179.525,3182.381,25034007400,0
2023-06-30,3178.924,3212.993,3177.991,3202.062,26537987300,0
2023-07-03,3209.162,3246.861,3209.162,3243.975,31237139500,0
2023-07-04,3241.231,3246.958,3233.99,3245.349,27924872100,0
2023-07-05,3240.049,3241.835,3218.602,3222.947,26401642600,0
2023-07-06,3215.863,3229.48,3199.716,3205.575,24611903200,0
2023-07-07,3197.472,3212.047,3189.211,3196.609,25568846900,0
2023-07-10,3208.735,3216.535,3192.658,3203.696,23656036700,0
2023-07-11,3211.122,3221.68,3200.385,3221.367,22760046700,0
2023-07-12,3220.376,3224.331,3193.437,3196.134,27142338600,0
2023-07-13,3202.699,3238.468,3202.699,3236.48,27662050800,0
2023-07-14,3240.97,3248.385,3233.999,3237.701,27332749400,0
2023-07-17,3219.016,3219.016,3195.886,3209.63,25020837600,0
2023-07-18,3206.786,3210.248,3190.005,3197.82,23503025900,0
2023-07-19,3195.009,3204.361,3181.561,3198.836,21735586000,0
2023-07-20,3201.911,3209.055,3165.674,3169.522,23893289100,0
2023-07-21,3163.421,3185.636,3157.334,3167.745,22533136300,0
2023-07-24,3157.469,3178.734,3151.125,3164.161,21659521100,0
2023-07-25,3201.458,3231.749,3201.458,3231.521,34861771400,0
2023-07-26,3228.087,3229.892,3212.88,3223.028,31720605100,0
2023-07-27,3225.476,3245.603,3210.47,3216.671,32711886700,0
2023-07-28,3206.741,3280.278,3200.994,3275.926,41106843400,0
2023-07-31,3287.209,3322.129,3281.013,3291.04,45903099400,0
2023-08-01,3288.76,3305.34,3279.566,3290.949,45989083300,0
2023-08-02,3281.858,3290.82,3252.304,3261.69,40534149900,0
2023-08-03,3254.565,3280.864,3247.272,3280.463,38469131700,0
2023-08-04,3296.094,3315.049,3281.734,3288.084,47092769700,0
2023-08-07,3276.776,3276.776,3258.537,3268.831,36034148400,0
2023-08-08,3260.722,3274.519,3246.675,3260.62,31652073300,0
2023-08-09,3251.152,3257.082,3240.289,3244.487,27121853800,0
2023-08-10,3242.206,3257.03,3234.116,3254.56,28741214200,0
2023-08-11,3254.475,3254.475,3189.248,3189.248,33013775000,0
2023-08-14,3159.714,3180.507,3141.655,3178.427,29984032700,0
2023-08-15,3180.558,3186.234,3147.346,3176.176,27325192200,0
2023-08-16,3164.702,3176.626,3149.723,3150.128,28172829200,0
2023-08-17,3137.351,3167.446,3123.25,3163.739,29469258600,0
2023-08-18,3165.1,3179.116,3131.953,3131.953,29439035200,0
2023-08-21,3125.99,3134.957,3092.978,3092.978,26575342300,0
2023-08-22,3103.781,3126.784,3074.531,3120.334,30931633500,0
2023-08-23,3116.266,3116.377,3077.606,3078.402,27224412400,0
2023-08-24,3085.911,3106.182,3072.951,3082.244,30002463700,0
2023-08-25,3068.615,3085.047,3053.037,3064.075,29334768600,0
2023-08-28,3219.043,3219.043,3089.119,3098.636,48560776400,0
2023-08-29,3091.938,3145.761,3090.438,3135.887,39887578000,0
2023-08-30,3144.407,3153.689,3126.902,3137.138,34751186700,0
2023-08-31,3134.553,3139.98,3113.946,3119.876,31344824200,0
2023-09-01,3126.023,3143.846,3123.19,3133.247,29231099200,0
2023-09-04,3145.944,3177.06,3143.379,3177.06,36639114000,0
2023-09-05,3169.738,3169.738,3150.075,3154.369,29406184900,0
2023-09-06,3147.136,3162.155,3136.9,3158.077,26700223000,0
2023-09-07,3152.203,3152.266,3120.823,3122.352,26926473300,0
2023-09-08,3114.23,3126.041,3104.674,3116.719,22812506400,0
2023-09-11,3119.61,3155.103,3113.816,3142.779,29044291700,0
2023-09-12,3140.341,3147.514,3134.318,3137.059,23467205100,0
2023-09-13,3137.772,3143.758,3106.969,3123.067,24970103800,0
2023-09-14,3124.848,3135.025,3111.859,3126.551,26399013800,0
2023-09-15,3133.588,3141.964,3107.448,3117.743,29202636500,0
2023-09-18,3110.44,3128.701,3098.496,3125.932,25944425700,0
2023-09-19,3123.986,3131.13,3113.525,3124.957,25365276100,0
2023-09-20,3118.667,3122.128,3108.158,3108.568,22812446200,0
2023-09-21,3103.175,3113.494,3084.701,3084.701,22865910000,0
2023-09-22,3084.757,3132.558,3078.801,3132.432,28597835100,0
2023-09-25,3131.208,3131.208,3112.151,3115.607,25807188500,0
2023-09-26,3114.021,3120.289,3102.273,3102.273,22264431300,0
2023-09-27,3104.04,3125.447,3103.844,3107.316,24049583000,0
2023-09-28,3117.755,3121.835,3105.94,3110.475,23632998100,0
2023-10-09,3100.0,3103.36,3072.642,3096.922,26442220500,0
2023-10-10,3104.365,3109.982,3073.186,3075.236,25532737900,0
2023-10-11,3085.699,3095.659,3071.936,3078.956,25991869200,0
2023-10-12,3101.705,3109.99,3092.177,3107.901,27482799800,0
2023-10-13,3091.997,3094.915,3080.548,3088.099,25508523500,0
2023-10-16,3091.065,3091.126,3063.686,3073.813,26388236300,0
2023-10-17,3076.428,3084.073,3064.89,3083.496,25901958800,0
2023-10-18,3076.58,3076.58,3057.059,3058.71,26864715500,0
2023-10-19,3043.196,3043.196,3004.775,3005.393,30403891000,0
2023-10-20,2995.358,3006.275,2977.173,2983.059,26711359400,0
2023-10-23,2969.786,2973.661,2923.511,2939.291,27890412800,0
2023-10-24,2944.311,2964.761,2929.088,2962.244,31098538900,0
2023-10-25,2986.407,2993.295,2972.418,2974.114,33239200400,0
2023-10-26,2960.104,2990.328,2956.006,2988.299,29181451100,0
2023-10-27,2978.403,3029.21,2974.88,3017.784,32180371700,0
2023-10-30,3009.61,3028.264,3002.348,3021.553,36060423800,0
2023-10-31,3019.646,3023.001,3006.609,3018.771,31985996700,0
2023-11-01,3038.182,3038.33,3013.933,3023.077,28011044500,0
2023-11-02,3028.665,3038.642,3009.121,3009.406,26879458100,0
2023-11-03,3012.465,3040.981,3012.465,3030.798,26848634700,0
2023-11-06,3047.13,3058.989,3037.694,3058.411,37294963000,0
2023-11-07,3052.92,3064.577,3042.469,3057.27,32685345500,0
2023-11-08,3051.153,3062.991,3037.289,3052.373,33567783400,0
2023-11-09,3047.653,3063.467,3045.834,3053.279,31562176400,0
2023-11-10,3043.559,3044.001,3027.088,3038.97,28554649700,0
2023-11-13,3044.032,3048.621,3028.168,3046.533,29043058800,0
2023-11-14,3046.817,3059.529,3044.426,3056.07,29484473300,0
2023-11-15,3077.029,3080.128,3064.346,3072.835,30425010700,0
2023-11-16,3066.855,3071.452,3050.926,3050.926,27107946000,0
2023-11-17,3043.617,3055.856,3033.747,3054.366,26760639300,0
2023-11-20,3056.927,3072.513,3043.515,3068.319,28755699800,0
2023-11-21,3074.828,3089.774,3063.345,3067.933,33073310200,0
2023-11-22,3060.498,3067.963,3043.611,3043.611,28905649000,0
2023-11-23,3041.678,3062.867,3034.297,3061.856,27659205900,0
2023-11-24,3060.331,3060.331,3037.201,3040.972,28778841300,0
2023-11-27,3038.186,3038.358,3015.008,3031.7,31051786800,0
2023-11-28,3028.598,3039.695,3020.231,3038.555,26892074600,0
2023-11-29,3038.464,3038.977,3017.661,3021.687,27795644800,0
2023-11-30,3021.103,3030.909,3013.768,3029.673,28294535700,0
2023-12-01,3027.353,3035.76,3010.233,3031.636,28608970000,0
2023-12-04,3033.298,3038.979,3022.348,3022.914,28816205300,0
2023-12-05,3017.01,3017.01,2972.296,2972.296,29394327800,0
2023-12-06,2966.948,2985.314,2959.603,2968.933,29410418700,0
2023-12-07,2965.652,2976.015,2949.144,2966.206,29624368700,0
2023-12-08,2965.39,2980.834,2962.327,2969.559,36913870500,0
2023-12-11,2956.291,2995.67,2930.422,2991.439,36021634400,0
2023-12-12,2986.328,3003.746,2980.446,3003.438,28763876200,0
2023-12-13,2997.336,2997.336,2968.761,2968.761,28275409800,0
2023-12-14,2979.699,2986.177,2958.066,2958.986,27145765000,0
2023-12-15,2966.302,2976.309,2940.027,2942.557,28932764200,0
2023-12-18,2936.575,2951.148,2924.325,2930.804,29308699900,0
2023-12-19,2928.763,2940.501,2914.125,2932.391,26592698000,0
2023-12-20,2932.119,2937.101,2902.04,2902.11,26556245400,0
2023-12-21,2892.02,2924.256,2882.02,2918.715,28254182700,0
2023-12-22,2919.288,2935.7,2906.509,2914.775,29662836700,0
2023-12-25,2909.875,2920.632,2903.987,2918.813,22981417800,0
2023-12-26,2917.971,2917.971,2892.837,2898.879,22814085500,0
2023-12-27,2900.149,2917.956,2890.165,2914.614,24790088200,0
2023-12-28,2913.11,2961.648,2909.389,2954.704,33921311600,0
2023-12-29,2950.837,2975.032,2950.017,2974.935,29067268700,0
2024-01-02,2972.775,2976.268,2962.276,2962.276,30414179300,0
2024-01-03,2957.112,2971.283,2953.29,2967.247,28545594500,0
2024-01-04,2965.509,2966.683,2936.635,2954.349,26498092400,0
2024-01-05,2949.822,2967.968,2916.721,2929.183,30104023900,0
2024-01-08,2923.457,2924.456,2887.538,2887.538,27027505500,0
2024-01-09,2887.11,2900.727,2878.412,2893.251,26295597500,0
2024-01-10,2886.981,2903.162,2870.416,2877.702,24404652600,0
2024-01-11,2873.798,2896.179,2867.722,2886.65,26705076400,0
2024-01-12,2880.04,2904.174,2878.875,2881.977,26160293100,0
2024-01-15,2872.556,2904.464,2869.224,2886.291,24461123600,0
2024-01-16,2881.56,2896.683,2861.13,2893.989,28628671400,0
2024-01-17,2887.292,2887.489,2833.615,2833.615,26125130800,0
2024-01-18,2822.667,2849.256,2760.978,2845.784,39039685500,0
2024-01-19,2836.975,2849.876,2822.843,2832.279,26666438800,0
2024-01-22,2826.503,2828.32,2735.372,2756.34,35016575800,0
2024-01-23,2746.892,2784.841,2724.157,2770.976,30874941700,0
2024-01-24,2782.142,2823.695,2743.397,2820.772,36907060000,0
2024-01-25,2823.826,2906.794,2821.709,2906.109,44200904500,0
2024-01-26,2897.915,2924.307,2890.482,2910.223,42110908400,0
2024-01-29,2910.607,2923.899,2883.333,2883.356,41058131100,0
2024-01-30,2866.28,2881.347,2829.25,2830.527,33566122600,0
2024-01-31,2815.504,2834.011,2782.587,2788.548,37710396500,0
2024-02-01,2773.424,2805.015,2752.782,2770.74,35288918500,0
2024-02-02,2773.295,2791.676,2666.334,2730.152,42623019900,0
2024-02-05,2716.081,2739.738,2635.09,2702.185,47899029200,0
2024-02-06,2680.485,2802.931,2669.673,2789.486,50284931300,0
2024-02-07,2791.515,2829.696,2770.529,2829.696,54711743900,0
2024-02-08,2832.486,2867.474,2827.902,2865.903,53110889300,0
2024-02-19,2886.587,2910.544,2867.71,2910.544,45896770400,0
2024-02-20,2902.877,2927.308,2887.474,2922.73,35013873500,0
2024-02-21,2906.024,2994.615,2898.05,2950.956,44424546300,0
2024-02-22,2945.447,2988.358,2944.499,2988.358,35413253600,0
2024-02-23,2992.912,3009.136,2979.973,3004.881,38008327000,0
2024-02-26,3002.118,3009.479,2967.057,2977.022,40902655800,0
2024-02-27,2966.417,3015.481,2961.148,3015.481,37298468700,0
2024-02-28,3016.256,3031.488,2957.852,2957.852,54410909300,0
2024-02-29,2943.624,3015.171,2943.624,3015.171,40969637400,0
2024-03-01,3013.823,3032.232,3003.763,3027.02,37913218400,0
2024-03-04,3026.607,3040.345,3007.683,3039.306,38776000200,0
2024-03-05,3027.103,3052.541,3022.178,3047.793,38350995500,0
2024-03-06,3041.752,3060.563,3034.354,3039.931,34098273900,0
2024-03-07,3040.211,3063.692,3023.118,3027.401,37715439100,0
2024-03-08,3026.165,3049.194,3016.903,3046.019,31920439200,0
2024-03-11,3042.619,3068.455,3035.445,3068.455,36160882100,0
2024-03-12,3068.182,3075.131,3044.857,3055.935,41574391400,0
2024-03-13,3053.341,3061.951,3031.899,3043.835,36504745300,0
2024-03-14,3042.413,3059.998,3020.637,3038.234,36407229000,0
2024-03-15,3031.523,3056.447,3023.215,3054.636,36026846300,0
2024-03-18,3057.209,3085.312,3055.922,3084.926,40665350800,0
2024-03-19,3077.981,3090.046,3062.628,3062.756,38412368000,0
2024-03-20,3058.648,3081.755,3056.645,3079.686,34918772900,0
2024-03-21,3084.412,3090.051,3069.272,3077.113,36687796800,0
2024-03-22,3070.548,3073.206,3027.762,3048.034,39474048600,0
2024-03-25,3040.501,3065.261,3026.306,3026.306,38748538900,0
2024-03-26,3026.922,3036.494,3006.26,3031.481,34592878700,0
2024-03-27,3026.814,3030.45,2993.139,2993.139,34319801000,0
2024-03-28,2988.59,3033.367,2984.12,3010.664,35320002600,0
2024-03-29,3008.376,3041.298,3008.167,3041.167,33482278500,0
2024-04-01,3049.021,3078.488,3049.021,3077.379,37539364000,0
2024-04-02,3076.875,3085.537,3063.981,3074.959,36730426200,0
2024-04-03,3074.893,3079.02,3057.397,3069.296,36321138000,0
2024-04-08,3057.326,3077.351,3045.469,3047.053,40293674000,0
2024-04-09,3044.614,3051.585,3033.209,3048.537,33348996500,0
2024-04-10,3045.961,3049.607,3013.59,3027.335,34899172100,0
2024-04-11,3013.573,3050.337,3009.897,3034.246,34089439200,0
2024-04-12,3035.577,3043.56,3014.83,3019.474,33422977100,0
2024-04-15,3013.672,3066.941,2995.542,3057.378,46123924400,0
2024-04-16,3043.551,3052.435,3005.34,3007.068,44807047300,0
2024-04-17,3008.061,3071.381,3002.056,3071.381,41335836800,0
2024-04-18,3060.031,3102.553,3057.761,3074.225,41632134900,0
2024-04-19,3060.299,3080.323,3055.058,3065.261,37554385500,0
2024-04-22,3059.065,3078.423,3042.542,3044.595,35721639900,0
2024-04-23,3038.612,3044.944,3016.517,3021.978,32559512800,0
2024-04-24,3029.403,3045.64,3019.124,3044.822,30526409300,0
2024-04-25,3037.927,3060.264,3034.65,3052.9,29228014800,0
2024-04-26,3054.979,3092.43,3054.979,3088.636,43938256300,0
2024-04-29,3086.682,3119.686,3080.586,3113.043,50692544500,0
2024-04-30,3110.159,3123.288,3104.294,3104.825,44021321300,0
2024-05-06,3132.512,3142.382,3126.769,3140.72,45065689900,0
2024-05-07,3139.664,3151.219,3133.69,3147.738,37910256400,0
2024-05-08,3141.487,3144.986,3126.173,3128.48,33400032000,0
2024-05-09,3128.164,3158.465,3128.164,3154.32,36088146200,0
2024-05-10,3158.589,3163.144,3137.152,3154.547,38428749500,0
2024-05-13,3139.475,3157.366,3126.17,3148.021,39703056500,0
2024-05-14,3148.849,3155.807,3137.609,3145.774,34352619400,0
2024-05-15,3141.252,3142.973,3117.929,3119.902,32102796200,0
2024-05-16,3127.184,3137.878,3116.163,3122.401,36741736100,0
2024-05-17,3121.713,3154.026,3116.784,3154.026,38391524400,0
2024-05-20,3156.148,3174.266,3155.99,3171.145,42686728000,0
2024-05-21,3164.683,3165.224,3148.342,3157.966,33578357200,0
2024-05-22,3157.189,3166.919,3152.457,3158.54,35409808200,0
2024-05-23,3149.875,3150.628,3110.277,3116.387,35394372700,0
2024-05-24,3110.753,3130.425,3087.794,3088.871,30653227900,0
2024-05-27,3094.14,3125.506,3091.989,3124.043,31939676500,0
2024-05-28,3122.388,3130.31,3106.365,3109.572,31006697400,0
2024-05-29,3108.027,3128.137,3100.98,3111.018,28997034600,0
2024-05-30,3103.708,3121.218,3085.384,3091.678,30238076200,0
2024-05-31,3094.759,3107.604,3086.813,3086.813,27607281600,0
2024-06-03,3085.981,3097.204,3061.277,3078.489,35756336200,0
2024-06-04,3071.32,3095.322,3063.588,3091.199,30928759800,0
2024-06-05,3086.051,3092.346,3064.736,3065.403,29054234400,0
2024-06-06,3069.439,3077.673,3040.83,3048.794,36986710400,0
2024-06-07,3053.915,3065.025,3031.044,3051.279,31634248400,0
2024-06-11,3042.134,3043.2,3013.861,3028.045,31048194200,0
2024-06-12,3025.296,3042.042,3021.309,3037.468,27945210600,0
2024-06-13,3038.086,3040.402,3022.822,3028.919,29786246300,0
2024-06-14,3020.959,3037.905,3011.577,3032.633,34874675300,0
2024-06-17,3017.717,3026.624,3012.045,3015.891,29576344800,0
2024-06-18,3015.071,3031.976,3012.523,3030.246,27362599900,0
2024-06-19,3029.099,3030.226,3015.326,3018.049,26129624800,0
2024-06-20,3015.722,3028.514,3001.768,3005.437,29551590700,0
2024-06-21,2998.241,3011.914,2985.929,2998.138,25500125100,0
2024-06-24,2982.826,2990.643,2960.127,2963.099,29865388400,0
2024-06-25,2962.765,2971.653,2935.538,2949.996,27320993800,0
2024-06-26,2943.447,2976.669,2933.33,2972.525,28238840900,0
2024-06-27,2962.696,2963.064,2944.898,2945.852,27054851900,0
2024-06-28,2940.303,2985.468,2939.984,2967.403,31520143200,0
2024-07-01,2965.245,2996.409,2961.856,2994.73,29778223500,0
2024-07-02,2992.856,3004.987,2989.47,2997.011,28136468300,0
2024-07-03,2995.664,2998.537,2978.069,2982.376,24628464200,0
2024-07-04,2984.83,2995.57,2955.29,2957.567,27426878900,0
2024-07-05,2954.372,2957.107,2920.205,2949.933,27232455600,0
2024-07-08,2939.837,2947.61,2917.232,2922.45,27753342400,0
2024-07-09,2919.573,2963.782,2904.039,2959.372,31506203100,0
2024-07-10,2949.026,2958.859,2935.33,2939.364,30154945600,0
2024-07-11,2957.25,2971.361,2947.403,2970.387,32837242400,0
2024-07-12,2965.612,2977.142,2963.303,2971.295,30371301400,0
2024-07-15,2963.847,2977.313,2959.129,2974.011,26899259700,0
2024-07-16,2963.9,2977.361,2959.666,2976.304,26078363000,0
2024-07-17,2970.808,2972.795,2957.948,2962.855,28230799100,0
2024-07-18,2951.143,2978.092,2937.905,2977.133,27802266500,0
2024-07-19,2963.514,2986.243,2955.12,2982.309,28093241300,0
2024-07-22,2978.193,2978.601,2946.561,2964.216,27874955900,0
2024-07-23,2960.5,2960.5,2915.368,2915.369,29629599400,0
2024-07-24,2909.152,2922.03,2894.289,2901.952,30611885300,0
2024-07-25,2891.892,2897.767,2872.85,2886.742,27463950000,0
2024-07-26,2885.995,2899.116,2875.396,2890.897,27838753600,0
2024-07-29,2889.473,2898.951,2878.583,2891.845,25689972700,0
2024-07-30,2885.215,2885.215,2865.149,2879.3,26247883700,0
2024-07-31,2877.541,2940.593,2876.301,2938.749,41272341700,0
2024-08-01,2940.12,2947.877,2928.826,2932.387,34662113700,0
2024-08-02,2913.02,2931.259,2902.72,2905.338,31220503900,0
2024-08-05,2889.363,2919.025,2860.698,2860.698,35554057200,0
2024-08-06,2878.651,2888.201,2845.335,2867.284,29730080300,0
2024-08-07,2864.01,2886.942,2857.725,2869.834,26309715000,0
2024-08-08,2864.758,2886.399,2850.875,2869.901,28912863200,0
2024-08-09,2879.873,2887.849,2862.194,2862.194,28425391600,0
2024-08-12,2858.895,2869.269,2851.295,2858.205,24424137100,0
2024-08-13,2860.41,2867.946,2845.31,2867.946,23167460100,0
2024-08-14,2866.243,2866.243,2850.401,2850.654,21788517000,0
2024-08-15,2844.201,2889.087,2839.388,2877.358,27190000000,0
2024-08-16,2877.94,2888.675,2873.06,2879.43,26365344100,0
2024-08-19,2877.954,2905.155,2877.771,2893.674,26168773000,0
2024-08-20,2895.551,2896.519,2855.329,2866.661,26365800200,0
2024-08-21,2858.939,2863.891,2848.151,2856.584,22920002700,0
2024-08-22,2856.2,2861.607,2845.502,2848.772,24539941500,0
2024-08-23,2844.77,2860.733,2839.337,2854.368,22669256500,0
2024-08-26,2855.474,2860.655,2844.383,2855.52,22735152300,0
2024-08-27,2850.877,2853.78,2843.158,2848.731,23069300600,0
2024-08-28,2844.327,2852.562,2830.962,2837.429,22873062300,0
2024-08-29,2829.451,2831.431,2815.383,2823.106,27751053400,0
2024-08-30,2819.65,2867.965,2817.014,2842.214,39751697500,0
2024-09-02,2832.35,2839.278,2810.374,2811.035,34071419300,0
2024-09-03,2809.173,2814.903,2794.911,2802.979,27573613900,0
2024-09-04,2786.505,2800.607,2781.935,2784.278,25745350000,0
2024-09-05,2785.264,2796.019,2777.471,2788.314,24204094800,0
2024-09-06,2791.765,2804.093,2765.639,2765.807,25364537500,0
2024-09-09,2754.724,2756.556,2726.967,2736.488,26146884700,0
2024-09-10,2737.881,2750.118,2718.627,2744.192,26215901500,0
2024-09-11,2732.731,2732.731,2710.621,2721.795,24226490000,0
2024-09-12,2722.138,2734.683,2716.555,2717.123,24008431500,0
2024-09-13,2718.986,2728.78,2703.369,2704.09,25127003800,0
2024-09-18,2705.345,2724.114,2689.695,2717.281,24781713200,0
2024-09-19,2723.205,2747.74,2697.776,2736.022,31520838900,0
2024-09-20,2734.228,2741.155,2717.945,2736.814,28564462700,0
2024-09-23,2735.39,2760.48,2731.357,2748.918,25764215400,0
2024-09-24,2770.754,2863.152,2761.372,2863.126,47761954500,0
2024-09-25,2901.419,2952.451,2889.048,2896.306,56825981600,0
2024-09-26,2893.745,3000.953,2889.014,3000.953,57631926100,0
2024-09-27,3049.103,3087.529,3017.445,3087.529,49228716300,0
2024-09-30,3194.722,3358.588,3153.697,3336.497,110233791700,0
2024-10-08,3674.405,3674.405,3372.187,3489.775,131346019500,0
2024-10-09,3427.22,3437.157,3249.159,3258.858,99275725600,0
2024-10-10,3277.692,3379.805,3228.125,3301.926,83450025700,0
2024-10-11,3287.873,3297.752,3187.988,3217.738,60602743300,0
2024-10-14,3241.428,3294.62,3203.901,3284.323,63146685900,0
2024-10-15,3265.746,3285.215,3201.292,3201.292,56605455800,0
2024-10-16,3169.169,3236.848,3167.736,3202.948,51581399700,0
2024-10-17,3220.733,3241.568,3169.384,3169.384,52861177200,0
2024-10-18,3165.975,3313.978,3152.821,3261.563,69301462300,0
2024-10-21,3276.06,3300.664,3239.097,3268.11,66815029900,0
2024-10-22,3263.822,3294.961,3255.138,3285.867,57491378100,0
2024-10-23,3285.247,3331.082,3277.066,3302.803,65044412800,0
2024-10-24,3287.824,3292.945,3266.882,3280.263,51982707400,0
2024-10-25,3280.762,3319.357,3276.13,3299.7,59565170700,0
2024-10-28,3300.463,3322.198,3279.715,3322.198,67237313100,0
2024-10-29,3328.089,3340.458,3284.211,3286.407,72532615400,0
2024-10-30,3273.642,3291.68,3244.806,3266.238,66901809000,0
2024-10-31,3267.975,3295.742,3252.39,3279.824,78464909400,0
2024-11-01,3275.577,3305.318,3258.735,3272.014,85205532000,0
2024-11-04,3275.679,3310.207,3263.842,3310.207,66507745400,0
2024-11-05,3306.81,3386.987,3302.047,3386.987,82112490200,0
2024-11-06,3395.222,3420.999,3367.081,3383.806,89585593000,0
2024-11-07,3359.985,3470.661,3356.258,3470.661,95955668000,0
2024-11-08,3502.133,3509.818,3443.193,3452.297,96403456200,0
2024-11-11,3432.367,3471.122,3416.727,3470.066,81802543600,0
2024-11-12,3469.891,3489.424,3402.042,3421.97,81792652400,0
2024-11-13,3406.916,3442.298,3404.525,3439.278,67366234800,0
2024-11-14,3429.505,3441.775,3376.153,3379.839,63155669000,0
2024-11-15,3369.809,3391.32,3330.726,3330.726,63028558300,0
2024-11-18,3344.69,3386.903,3309.008,3323.849,74395069200,0
2024-11-19,3324.883,3346.758,3284.133,3346.01,62502415100,0
2024-11-20,3337.678,3375.248,3333.002,3367.989,56615428900,0
2024-11-21,3362.944,3378.518,3348.855,3370.404,53033183000,0
2024-11-22,3368.043,3372.003,3267.192,3267.192,63068779000,0
2024-11-25,3274.884,3285.456,3232.918,3263.76,53889739000,0
2024-11-26,3256.858,3285.328,3252.866,3259.757,47221930400,0
2024-11-27,3250.591,3309.881,3227.355,3309.779,51120230300,0
2024-11-28,3308.28,3319.256,3290.364,3295.698,51195304700,0
2024-11-29,3295.21,3357.501,3293.69,3326.456,58022710200,0
2024-12-02,3328.482,3369.303,3323.009,3363.982,66847776200,0
2024-12-03,3366.285,3386.618,3348.374,3378.806,66303013900,0
2024-12-04,3376.572,3388.024,3352.943,3364.65,62102886200,0
2024-12-05,3353.057,3377.055,3353.057,3368.855,54388574600,0
2024-12-06,3370.941,3418.261,3364.206,3404.076,69818657200,0
2024-12-09,3402.629,3426.645,3385.959,3402.534,69490520500,0
2024-12-10,3490.289,3494.867,3417.765,3422.661,79466803400,0
2024-12-11,3416.087,3437.81,3416.087,3432.49,68154461000,0
2024-12-12,3432.279,3464.116,3425.976,3461.5,70009668900,0
2024-12-13,3442.926,3442.926,3390.754,3391.878,77746414400,0
2024-12-16,3390.083,3401.926,3376.536,3386.331,62557899600,0
2024-12-17,3381.814,3396.207,3357.769,3361.485,56894150500,0
2024-12-18,3371.296,3396.46,3371.296,3382.208,51252497900,0
2024-12-19,3355.904,3377.532,3346.469,3370.033,51390906300,0
2024-12-20,3364.481,3390.618,3362.819,3368.069,49096462100,0
2024-12-23,3367.904,3384.992,3348.277,3351.257,55674724800,0
2024-12-24,3353.535,3394.904,3352.947,3393.528,47199267300,0
2024-12-25,3395.107,3406.213,3374.011,3393.35,47131559200,0
2024-12-26,3389.338,3401.095,3380.255,3398.077,42217727100,0
2024-12-27,3397.294,3418.952,3388.322,3400.142,50048813000,0
2024-12-30,3395.396,3412.841,3394.965,3407.326,45526238300,0
2024-12-31,3406.965,3413.455,3351.763,3351.763,50273106200,0
2025-01-02,3347.939,3351.722,3242.087,3262.561,56137519900,0
2025-01-03,3267.077,3273.566,3205.776,3211.43,51759201400,0
2025-01-06,3209.783,3219.488,3185.463,3206.923,43097840300,0
2025-01-07,3203.307,3230.853,3190.461,3229.644,40966052900,0
2025-01-08,3218.858,3246.291,3175.725,3230.168,47286439000,0
2025-01-09,3220.721,3228.973,3205.91,3211.393,38294355700,0
2025-01-10,3211.707,3220.107,3168.524,3168.524,40366334800,0
2025-01-13,3148.826,3172.7,3140.978,3160.755,37274202300,0
2025-01-14,3165.161,3245.22,3159.432,3240.94,46921270400,0
2025-01-15,3234.715,3245.904,3222.236,3227.117,40472319900,0
2025-01-16,3239.026,3265.282,3217.097,3236.032,43065553900,0
2025-01-17,3226.762,3256.507,3219.773,3241.821,38359926000,0
2025-01-20,3256.149,3268.263,3238.121,3244.378,40333794800,0
2025-01-21,3256.833,3258.61,3229.069,3242.623,38458371800,0
2025-01-22,3235.493,3235.501,3203.38,3213.624,36481751800,0
2025-01-23,3237.599,3273.52,3229.572,3230.164,45824680300,0
2025-01-24,3222.877,3260.011,3221.712,3252.626,39865303300,0
2025-01-27,3256.614,3274.392,3250.601,3250.601,38746764200,0
2025-02-05,3270.16,3271.022,3220.279,3229.488,40638818100,0
2025-02-06,3226.575,3271.427,3225.846,3270.659,46084273000,0
2025-02-07,3269.227,3324.428,3262.509,3303.667,60055845100,0
2025-02-10,3308.04,3325.356,3299.243,3322.17,54658974900,0
2025-02-11,3323.669,3324.173,3304.444,3318.057,51194354100,0
2025-02-12,3312.257,3346.385,3310.39,3346.385,51343782800,0
2025-02-13,3343.235,3359.181,3332.483,3332.483,56863116100,0
2025-02-14,3328.483,3349.084,3322.529,3346.724,53233296500,0
2025-02-17,3355.417,3357.121,3333.195,3355.83,58954656900,0
2025-02-18,3348.983,3366.012,3314.301,3324.491,56267924000,0
2025-02-19,3320.78,3352.087,3320.581,3351.539,50291296500,0
2025-02-20,3347.589,3355.557,3338.034,3350.783,50435711400,0
2025-02-21,3356.695,3381.058,3339.026,3379.113,60819020600,0
2025-02-24,3374.081,3384.811,3355.869,3373.028,59818820300,0
2025-02-25,3345.653,3369.558,3337.845,3346.04,52757856200,0
2025-02-26,3351.209,3380.214,3351.209,3380.214,55399203100,0
2025-02-27,3378.449,3388.781,3353.571,3388.062,57581502000,0
2025-02-28,3374.664,3383.191,3318.716,3320.897,56831950400,0
2025-03-03,3328.396,3349.017,3304.593,3316.925,50241786200,0
2025-03-04,3300.498,3327.824,3297.53,3324.21,42999611100,0
2025-03-05,3324.696,3342.714,3314.148,3341.965,46095269600,0
2025-03-06,3353.57,3387.054,3348.684,3381.098,53999270900,0
2025-03-07,3373.181,3390.944,3363.929,3372.546,51766355100,0
2025-03-10,3373.259,3375.798,3347.186,3366.163,45038083200,0
2025-03-11,3335.439,3379.829,3334.831,3379.828,44846832300,0
2025-03-12,3385.685,3392.409,3370.22,3371.924,50219510000,0
2025-03-13,3371.095,3377.118,3341.118,3358.729,51901347900,0
2025-03-14,3361.686,3421.233,3360.606,3419.562,58266338800,0
2025-03-17,3430.809,3436.352,3422.462,3426.129,51568513800,0
2025-03-18,3434.565,3437.065,3423.301,3429.759,45491606300,0
2025-03-19,3424.173,3439.046,3414.593,3426.429,44031629900,0
2025-03-20,3425.216,3427.045,3404.662,3408.948,45163068200,0
2025-03-21,3401.759,3414.709,3355.84,3364.831,52086263000,0
2025-03-24,3364.834,3373.694,3340.238,3370.028,51331026000,0
2025-03-25,3370.001,3379.988,3361.046,3369.976,45635739300,0
2025-03-26,3365.666,3382.342,3365.666,3368.697,42853377000,0
2025-03-27,3362.712,3394.035,3351.174,3373.749,41477631400,0
2025-03-28,3372.039,3375.053,3346.081,3351.307,41228428900,0
2025-03-31,3343.344,3361.742,3317.738,3335.746,47257197800,0
2025-04-01,3340.712,3357.622,3338.779,3348.435,42258867000,0
2025-04-02,3344.171,3361.134,3343.116,3350.127,35012736400,0
2025-04-03,3319.606,3358.426,3319.606,3342.008,40051782700,0
2025-04-07,3193.102,3217.782,3040.693,3096.576,66219958400,0
2025-04-08,3094.262,3145.549,3085.123,3145.549,66224238700,0
2025-04-09,3110.01,3186.81,3070.078,3186.81,68479717400,0
2025-04-10,3227.836,3239.941,3201.571,3223.638,59120827300,0
2025-04-11,3219.505,3249.854,3211.35,3238.227,47553180400,0
2025-04-14,3251.978,3272.72,3244.733,3262.808,47137322000,0
2025-04-15,3260.685,3268.985,3246.337,3267.662,39666289500,0
2025-04-16,3267.665,3276.005,3233.791,3276.004,42953485400,0
2025-04-17,3261.718,3285.915,3258.145,3280.341,38201269800,0
2025-04-18,3270.353,3283.09,3262.392,3276.73,35883619300,0
2025-04-21,3273.138,3298.64,3270.013,3291.434,37930758800,0
2025-04-22,3289.166,3311.153,3288.332,3299.757,40316761500,0
2025-04-23,3308.151,3312.192,3293.063,3296.355,41163321200,0
2025-04-24,3295.149,3313.509,3286.236,3297.288,39284474900,0
2025-04-25,3300.392,3305.262,3288.755,3295.06,41104319200,0
2025-04-28,3292.056,3296.932,3279.877,3288.415,41066586300,0
2025-04-29,3281.445,3294.982,3277.627,3286.655,38896167200,0
2025-04-30,3284.081,3292.2,3277.55,3279.031,43579433500,0
2025-05-06,3295.25,3316.448,3286.989,3316.114,47436961700,0
2025-05-07,3354.974,3356.688,3324.809,3342.665,51115960600,0
2025-05-08,3331.205,3359.731,3327.902,3351.996,42837776600,0
2025-05-09,3350.405,3351.22,3335.127,3341.999,39890919100,0
2025-05-12,3352.97,3372.472,3344.269,3369.245,41823991000,0
2025-05-13,3386.234,3386.234,3370.252,3374.871,42624070000,0
2025-05-14,3374.235,3417.314,3368.078,3403.948,46493444100,0
2025-05-15,3398.427,3402.866,3378.021,3380.821,42410091600,0
2025-05-16,3374.706,3380.29,3356.661,3367.462,39540103000,0
2025-05-19,3365.882,3373.599,3356.648,3367.583,40307480500,0
2025-05-20,3371.689,3387.804,3369.963,3380.478,40554453400,0
2025-05-21,3380.209,3394.754,3380.209,3387.574,41249616500,0
2025-05-22,3381.865,3390.593,3376.233,3380.189,39421720600,0
2025-05-23,3376.869,3389.469,3348.372,3348.372,40022700400,0
2025-05-26,3346.561,3362.307,3336.355,3346.839,34756210100,0
2025-05-27,3346.503,3351.572,3332.49,3340.687,34407115700,0
2025-05-28,3341.852,3348.234,3336.727,3339.932,34155544300,0
2025-05-29,3340.401,3368.633,3337.415,3363.446,39323380600,0
2025-05-30,3358.809,3361.275,3341.648,3347.487,38560217000,0
2025-06-03,3340.067,3366.997,3340.067,3361.976,39806077200,0
2025-06-04,3363.391,3379.64,3363.391,3376.203,38649464300,0
2025-06-05,3378.217,3387.765,3371.146,3384.099,40625209300,0
2025-06-06,3384.295,3391.451,3379.764,3385.358,38012288600,0
2025-06-09,3388.778,3402.05,3383.074,3399.772,42734794700,0
2025-06-10,3402.013,3406.452,3365.667,3384.816,48161856800,0
2025-06-11,3385.457,3413.513,3385.457,3402.316,42409031300,0
2025-06-12,3397.972,3408.205,3388.866,3402.658,40949061000,0
2025-06-13,3397.484,3401.553,3370.592,3376.996,51006522100,0
2025-06-16,3369.366,3389.756,3368.876,3388.729,40538327800,0
2025-06-17,3388.18,3393.313,3376.42,3387.405,39001244700,0
2025-06-18,3386.136,3391.709,3369.986,3388.809,37868489100,0
2025-06-19,3384.293,3386.919,3353.936,3362.108,41532765500,0
2025-06-20,3358.913,3370.798,3357.706,3359.895,35022366200,0
2025-06-23,3349.46,3389.452,3347.651,3381.582,38456139700,0
2025-06-24,3380.08,3423.784,3380.08,3420.566,46096380000,0
2025-06-25,3419.091,3459.009,3417.411,3455.974,50938406400,0
2025-06-26,3451.719,3462.752,3446.186,3448.453,49654107700,0
2025-06-27,3450.686,3462.627,3421.04,3424.227,52312943200,0
2025-06-30,3423.474,3447.46,3420.112,3444.426,45734804900,0
2025-07-01,3445.846,3459.587,3441.038,3457.747,44435673900,0
2025-07-02,3458.171,3461.328,3447.956,3454.792,49811677600,0
2025-07-03,3456.152,3463.62,3446.974,3461.151,43854346500,0
2025-07-04,3459.592,3497.225,3455.494,3472.319,50019521000,0
2025-07-07,3467.985,3474.801,3462.792,3473.127,43663134000,0
2025-07-08,3474.632,3499.886,3474.632,3497.475,49348477300,0
2025-07-09,3498.724,3512.669,3491.201,3493.05,52392008800,0
2025-07-10,3491.497,3526.59,3491.497,3509.682,56415980500,0
2025-07-11,3511.366,3555.218,3506.799,3510.177,66418524900,0
2025-07-14,3513.252,3532.118,3513.252,3519.65,57208470500,0
2025-07-15,3519.805,3527.038,3483.38,3504.999,57207472600,0
2025-07-16,3502.899,3511.806,3489.137,3503.777,47087857800,0
2025-07-17,3500.372,3517.285,3499.186,3516.826,47221105600,0
2025-07-18,3519.475,3536.014,3518.231,3534.483,49348408800,0
2025-07-21,3542.816,3560.629,3542.568,3559.791,63364973600,0
2025-07-22,3561.632,3584.719,3547.252,3581.861,71615523000,0
2025-07-23,3588.878,3613.022,3577.594,3582.298,76767238800,0
2025-07-24,3578.912,3608.728,3577.113,3605.727,77326583500,0
2025-07-25,3604.451,3610.029,3586.22,3593.655,69718954900,0
2025-07-28,3594.231,3606.274,3582.149,3597.937,59418787700,0
2025-07-29,3595.81,3611.353,3585.944,3609.711,61064205800,0
2025-07-30,3608.354,3636.166,3593.734,3615.717,63722191600,0
2025-07-31,3604.696,3606.374,3562.607,3573.208,65450934900,0
2025-08-01,3568.261,3581.746,3550.043,3559.952,50956308000,0
2025-08-04,3547.163,3583.309,3547.163,3583.309,45857361800,0
2025-08-05,3588.808,3617.598,3586.969,3617.598,49979778000,0
2025-08-06,3615.808,3634.314,3613.989,3633.995,51246727300,0
2025-08-07,3637.781,3645.117,3622.522,3639.667,53550120200,0
2025-08-08,3634.855,3645.367,3625.451,3635.128,52640757200,0
2025-08-11,3637.053,3656.852,3629.627,3647.547,55139334800,0
2025-08-12,3647.963,3669.038,3647.963,3665.918,53662373900,0
2025-08-13,3668.658,3688.628,3666.547,3683.465,61352888400,0
2025-08-14,3685.522,3704.772,3662.57,3666.443,64782958700,0
2025-08-15,3659.815,3702.255,3658.376,3696.771,67852170300,0
2025-08-18,3712.495,3745.939,3702.38,3728.027,77601666900,0
2025-08-19,3728.485,3746.669,3718.147,3727.288,69609975000,0
2025-08-20,3716.685,3767.43,3704.991,3766.21,67983642600,0
2025-08-21,3770.676,3787.981,3757.992,3771.099,69155295900,0
2025-08-22,3772.277,3825.759,3772.277,3825.759,69813627700,0
2025-08-25,3848.163,3883.562,3839.972,3883.562,88547480200,0
2025-08-26,3871.471,3888.599,3859.758,3868.382,73456530500,0
2025-08-27,3869.612,3887.198,3800.35,3800.35,85863349900,0
2025-08-28,3796.711,3845.087,3761.422,3843.597,78835194700,0
2025-08-29,3842.823,3867.606,3839.206,3857.927,73946236600,0
2025-09-01,3869.746,3879.045,3853.658,3875.53,74770953600,0
2025-09-02,3877.086,3885.315,3828.678,3858.133,76261883300,0
2025-09-03,3865.286,3868.388,3794.884,3813.557,64566851000,0
2025-09-04,3807.757,3808.396,3732.84,3765.876,71022793300,0
2025-09-05,3761.88,3817.159,3745.309,3812.514,62622338000,0
2025-09-08,3811.669,3833.143,3803.603,3826.841,66006689800,0
2025-09-09,3816.657,3834.671,3791.724,3807.292,60023938000,0
2025-09-10,3806.584,3826.996,3794.057,3812.221,53453982500,0
2025-09-11,3806.056,3875.309,3796.435,3875.309,61701293000,0
2025-09-12,3875.507,3892.738,3866.539,3870.598,70064178400,0
2025-09-15,3876.097,3879.737,3855.973,3860.504,64479394400,0
2025-09-16,3865.98,3876.69,3838.648,3861.865,67343972300,0
2025-09-17,3854.073,3882.669,3848.946,3876.341,66343471300,0
2025-09-18,3876.059,3899.959,3800.995,3831.656,87602738900,0
2025-09-19,3830.444,3843.17,3811.903,3820.089,68229261300,0
2025-09-22,3822.01,3831.74,3806.202,3828.576,56832568600,0
2025-09-23,3830.138,3838.606,3774.528,3821.833,70190286800,0
2025-09-24,3804.483,3854.923,3804.328,3853.642,60205667000,0
2025-09-25,3852.431,3866.106,3840.459,3853.302,58995053100,0
2025-09-26,3839.855,3856.606,3828.106,3828.106,55127533500,0
2025-09-29,3828.166,3881.002,3809.535,3862.532,60846639900,0
2025-09-30,3869.705,3887.57,3866.281,3882.777,56973463100,0
2025-10-09,3898.307,3936.576,3885.744,3933.972,72521850100,0
2025-10-10,3915.475,3933.005,3886.305,3897.028,71891767300,0
2025-10-13,3800.106,3895.83,3800.106,3889.502,70950610100,0
2025-10-14,3910.783,3918.436,3851.121,3865.229,80083963100,0
2025-10-15,3867.536,3912.291,3857.667,3912.21,64501295500,0
2025-10-16,3900.683,3931.05,3899.167,3916.228,59545149100,0
2025-10-17,3912.04,3921.065,3835.365,3839.755,61756301800,0
2025-10-20,3865.552,3877.722,3850.367,3863.893,54926171200,0
2025-10-21,3870.749,3919.318,3868.145,3916.332,59941571300,0
2025-10-22,3896.074,3918.592,3893.325,3913.758,54311734400,0
2025-10-23,3904.159,3926.217,3877.529,3922.41,56518926400,0
2025-10-24,3929.115,3950.312,3928.96,3950.312,56785844300,0
2025-10-27,3969.22,3999.067,3963.102,3996.945,63758954500,0
2025-10-28,3986.891,4010.728,3976.833,3988.224,57735768400,0
2025-10-29,3990.266,4016.331,3986.941,4016.331,61291746600,0
2025-10-30,4007.821,4025.705,3984.828,3986.901,66848560900,0
2025-10-31,3985.064,3986.743,3951.731,3954.79,67561540600,0
2025-11-03,3954.078,3977.305,3937.022,3976.521,64124594500,0
2025-11-04,3973.458,3985.882,3938.52,3960.186,61549379200,0
2025-11-05,3922.584,3979.754,3922.584,3969.248,61499161800,0
2025-11-06,3973.349,4008.799,3973.349,4007.76,62736754700,0
2025-11-07,3994.317,4012.005,3993.691,3997.556,59650703400,0
2025-11-10,4001.794,4018.696,3990.836,4018.597,63404999300,0
2025-11-11,4023.877,4024.939,3991.516,4002.758,58199492100,0
2025-11-12,3996.565,4020.378,3980.676,4000.14,58619322800,0
2025-11-13,3996.514,4030.398,3994.771,4029.501,61303106100,0
2025-11-14,4007.126,4034.079,3990.307,3990.492,62201711800,0
2025-11-17,3988.556,3992.404,3958.948,3972.035,59201795000,0
2025-11-18,3962.444,3966.885,3926.589,3939.813,59441104600,0
2025-11-19,3937.92,3960.052,3930.075,3946.742,53114960100,0
2025-11-20,3960.699,3967.971,3927.512,3931.051,53474954000,0
2025-11-21,3896.665,3912.006,3834.749,3834.891,63164625100,0
2025-11-24,3848.657,3854.331,3816.576,3836.766,50460171600,0
2025-11-25,3850.571,3882.03,3845.138,3870.023,47872761100,0
2025-11-26,3867.429,3879.923,3861.177,3864.184,45758975500,0
2025-11-27,3867.197,3895.589,3864.131,3875.259,44402194700,0
2025-11-28,3870.944,3888.889,3856.25,3888.596,44993197300,0
2025-12-01,3894.213,3914.464,3890.949,3914.006,53755413300,0
2025-12-02,3908.456,3908.769,3888.328,3897.712,45558449400,0
2025-12-03,3894.156,3901.696,3869.953,3878.0,48561727000,0
2025-12-04,3879.742,3888.86,3859.049,3875.793,44504029000,0
2025-12-05,3873.121,3907.782,3863.314,3902.808,50036876800,0
2025-12-08,3909.226,3936.311,3904.738,3924.078,54734978900,0
2025-12-09,3916.509,3923.899,3902.128,3909.522,52453825600,0
2025-12-10,3901.128,3906.116,3876.475,3900.496,49733150400,0
2025-12-11,3903.895,3904.963,3862.821,3873.318,52565860000,0
2025-12-12,3869.413,3891.807,3850.597,3889.346,57394713000,0
2025-12-15,3865.402,3896.977,3863.63,3867.921,50092279000,0
2025-12-16,3861.515,3862.427,3815.844,3824.812,51249482700,0
2025-12-17,3822.509,3881.752,3817.996,3870.278,51231369200,0
2025-12-18,3857.257,3888.285,3856.423,3876.371,46117262500,0
2025-12-19,3878.227,3902.671,3871.777,3890.448,51351189300,0
2025-12-22,3900.535,3920.012,3900.515,3917.364,52293899200,0
2025-12-23,3919.106,3937.127,3910.745,3919.979,52115695200,0
2025-12-24,3920.347,3947.041,3912.311,3940.947,47489644700,0
2025-12-25,3937.72,3964.073,3936.078,3959.621,46931309300,0
2025-12-26,3957.833,3977.706,3945.524,3963.679,55548959200,0
2025-12-29,3964.651,3983.979,3956.946,3965.28,56368719700,0
2025-12-30,3947.871,3979.99,3947.419,3965.116,52593258800,0
2025-12-31,3968.726,3977.536,3955.487,3968.84,49075149000,0
2026-01-05,3986.972,4025.263,3983.576,4023.417,59695045500,0
2026-01-06,4026.016,4083.667,4025.088,4083.667,70247227000,0
2026-01-07,4083.843,4098.777,4069.436,4085.772,68338435200,0
2026-01-08,4077.715,4093.872,4067.122,4082.979,66613133700,0
2026-01-09,4086.762,4121.723,4083.616,4120.426,72983798500,0
